"Company Name","Industry/Sector","Company Website","Company Email","Company Phone","Company Phone 2","All Phone Numbers","City","Address","Company LinkedIn Page"
"AbbVie","technology","http://www.abbvie.com","customerservice@abbvie.com","+92 391 5178561","+92 52 7568295911","+92 391 5178561 | +92 52 7568295911 | +92 51 1486693205 | +1 992-810-0470 | +1 616-369-6290 | +1 997-665-5440","","","https://www.linkedin.com/company/abbvie"
"Alkaram Textile Mills Pvt. Ltd","technology","http://www.alkaram.com","contact@alkaram.com","+92 21 111 111 258","+92 21 3501863844","+92 21 111 111 258 | +92 21 3501863844 | +92 21 35018631 | +92 21 350186312","",", with a global footprint in the US, UK, France and Portugal. For more than 35 years, Alkaram’s reputation and distinctive image have been consistently developed across an expanding number of products, brands, and international markets. Currently, Alkaram Textile Mills is the largest vertically integrated textile setup in Pakistan.","https://www.linkedin.com/company/al-karam-textile"
"Attock Petroleum Limited","Technology","","","","","","","","https://www.linkedin.com/company/attock-petroleum-limited"
"Afiniti","technology","https://www.afiniti.com","info@afiniti.com","+92 65 2245006","+92 318 49689689","+92 65 2245006 | +92 318 49689689 | +92 383 7757769 | +1 174-473-9715","Karachi","No. 4002, Delta 4,","https://www.linkedin.com/company/afiniti-com"
"Abacus","technology","https://www.abacus.com.pk","","","","","Karachi","Karachi, Pakistan","https://www.linkedin.com/company/abacus-global"
"Arbisoft","technology","https://arbisoft.com","contact@arbisoft.com","+92 42 37498533","","+92 42 37498533","Lahore","Lahore, Pakistan","https://www.linkedin.com/company/arbisoft"
"Amreli Steels Limited","technology","https://amrelisteels.com/investor-relations","adnan.ghafar@amrelisteels.com","+92 87 59496773","+92 21 38798328","+92 87 59496773 | +92 21 38798328 | +92 21 111 267 354 | +92 50 21123020 | +1 177-936-4650 | +1 177-884-8039 | +1 176-122-4462 | +1 177-936-4822 | +1 175-007-4426 | +1 175-007-4442 | +1 175-007-5083 | +1 177-936-4974 | +1 175-007-4474 | +1 177-936-6619 | +1 177-936-4680","",". Mr. Akberali brings unparalleled experience with a metallurgical engineering background combined with an MBA from Columbia University, New York. He has played an influential role in driving reforms aimed towards the growth of Pakistan’s steel industry. With a passion for increasing Pakistan’s literacy rate, Mr. Akberali is also a founding member","https://www.linkedin.com/company/amrelisteels"
"ArhamSoft","technology","http://www.arhamsoft.com","info@arhamsoft.com","+92 300 0808877","+92 94 0707111295","+92 300 0808877 | +92 94 0707111295 | +1 929-634-0281 | +1 125-596-9609 | +1 926-611-8364 | +1 651-244-8512 | +971 585844343 | +1 411-724-3168 | +1 (929) 634-0281 80 | +1 722-793-5572","Lahore","# 335/R Block, Main Blvd, Johar Town, Lahore Pakistan","https://www.linkedin.com/company/arhamsoft-pvt-ltd"
"APL Logistics","Technology","","","","","","","","https://www.linkedin.com/company/apl-logistics"
"Apex International","Technology","","","","","","","","https://www.linkedin.com/company/apex-internationnal"
"Airblue","Technology","","","","","","","","https://www.linkedin.com/company/airblue"
"Askari Bank","technology","https://www.sbp.org.pk/dfs/index.html?trk=test","cpd.helpdesk@sbp.org.pk","+92 21 99221160","+92 09 22199221160","+92 21 99221160 | +92 09 22199221160 | +92 21 99212489 | +92 09 22199212489 | +92 21 99221288 | +92 21 111 727 273 | +92 51 9217243 | +92 51 9217256","","State Bank of Pakistan has launched licensing and regulatory framework for setting up digital banks in Pakistan as a separate and distinct category in the banking business. Digital bank is defined as a bank which offers all kinds of financial products and services primarily through digital platforms or electronic channels instead of physical branch","https://www.linkedin.com/company/askaribanklimited"
"Avanza Solutions","technology","http://www.avanzasolutions.com","info@avanzasolutions.com","+92 21 111 282 692","+92 21 34396950","+92 21 111 282 692 | +92 21 34396950 | +92 19 791192360 | +92 391 637203738 | +92 49 6647504748 | +92 89 22511472 | +1 999-999-9999 | +1 177-936-7403 | +1 177-936-7424 | +1 177-936-7430 | +1 177-936-7441 | +1 177-936-7451 | +1 177-936-7542 | +1 177-936-7562","Karachi","Suite 3404, 34th Floor, Latifa Tower, Sheikh Zayed Road","https://www.linkedin.com/company/avanza-solutions"
"Artistic Milliners","technology","http://www.artisticmilliners.com","info@artisticmilliners.com","+92 21 111 263 646","","+92 21 111 263 646","","","https://www.linkedin.com/company/artisticmilliners1949"
"Archroma","Technology","","","","","","","","https://www.linkedin.com/company/archroma"
"Allied Services International Private Limited","technology","http://www.asil.com.pk","bd@asil.com.pk","+92 300 0341312","+92 23 22779224","+92 300 0341312 | +92 23 22779224","Karachi","Karachi (Head Office) 6 Hilltop Arcade, 4D/2 Gizri Blvd Rd, D.H.A. Phase 4, Karachi, 75500 View on Maps Rawalpindi C73, opposite Bilal Hospital, Satellite Town Block C, Rawalpindi View on Maps Lahore 30, Sabzazar Block D, Sabzazar Housing Scheme Phase 1 & 2, Lahore, 54000 View on Maps Dubai : Boulevard Plaza, Downtown Dubai, UAE View on Maps Riyadh : Coming Soon Affiliate Offices: India | Bangladesh | Nepal | Sri Lanka | Uganda | Malawi Monday to","https://www.linkedin.com/company/asiljobs"
"Attock Cement Pakistan Limited","technology","http://www.attockcement.com","sales@attockcement.com","+92 21 111 171 717","+92 21 35309775","+92 21 111 171 717 | +92 21 35309775 | +92 08 53363569 | +92 21 111 920 853 | +92 321 2886234 | +92 21 35309961 | +92 21 3530996162 | +92 21 35309776 | +92 21 35309817 | +92 346 8288625 | +92 336 2886255 | +1 177-925-4701 | +1 177-926-4189 | +1 202-605-2117","","Copyright © 2026 Attock Cement Pakistan Limited (ACPL)","https://www.linkedin.com/company/attock-cement-pakistan-limited"
"Astara","Technology","","","","","","","","https://www.linkedin.com/company/astaramobility"
"Alkaram Studio","technology","https://www.alkaramstudio.com","nida.siddiqui@alkaramstudio.com","+92 88 281597431","+92 00 381043117","+92 88 281597431 | +92 00 381043117 | +92 60 423729811 | +92 312 2552726 | +92 317 8229857 | +92 48 7804878048 | +92 335 365853658 | +92 359 028189693","","Newsletter Sign up to our newsletter to receive exclusive offers. E-mail Subscribe CUSTOMER CARE Contact Us Feedback Survey Privacy Policy FAQ's Disclaimer Information About Us Shipping and Handling Store Locator Blogs Fabric Glossary About Alkaram Textile Mills began its journey in 1986 with a global vision: to craft world-class textiles driven by innovation, quality, and design. Over the years, it has grown to become one of Pakistan’s leading t","https://www.linkedin.com/company/alkaramstudio"
"AGP Limited","technology","https://agp.gov.pk","agp@agp.gov.pk","+92 51 9224080","+92 319 9999986","+92 51 9224080 | +92 319 9999986 | +92 61 755025112 | +92 17 75142532 | +92 17 67875176176","",", Google Map","https://www.linkedin.com/company/agplimited"
"Al Baraka Bank Pakistan Ltd.","technology","https://www.albaraka.com.pk","complaints@albaraka.com.pk","+92 51 2653592","","+92 51 2653592","","Mera Pakistan, Mera Ghar","https://www.linkedin.com/company/al-baraka-bank-pakistan"
"A. F. Ferguson & Co. (a member firm of the PwC network)","Technology","","","","","","","","https://www.linkedin.com/company/affco-pk"
"Albario Engineering (Pvt) Ltd.","technology","https://aepl.com.pk","info@aepl.com.pk","+92 42 111 001 954","+1 176-543-4533","+92 42 111 001 954 | +1 176-543-4533 | +1 177-924-1561 | +1 174-227-9906 | +1 174-227-9908","Lahore","Albario Engineering (Pvt) Ltd. was established in Lahore Pakistan and working as a one window solution provider in the fields of Energy, Industrial Solutions and Infrastructure.","https://www.linkedin.com/company/albarioengineeringpvtltd"
