"ipc-image src","ipc-lockup-overlay href","ipc-signpost__text","ipc-title-link-wrapper href","ipc-title__text","sc-99e9da6e-6","sc-99e9da6e-6 2","sc-99e9da6e-6 3","ipc-rating-star--rating","ipc-rating-star--voteCount"
"https://m.media-amazon.com/images/M/MV5BMDAyY2FhYjctNDc5OS00MDNlLThiMGUtY2UxYWVkNGY2ZjljXkEyXkFqcGc@._V1_QL75_UX90_CR0,1,90,133_.jpg","https://www.imdb.com/title/tt0111161/?ref_=chttp_i_1","#1","https://www.imdb.com/title/tt0111161/?ref_=chttp_t_1","The Shawshank Redemption","1994","2h 22m","R","9.3","(3.2M)"
"https://m.media-amazon.com/images/M/MV5BNGEwYjgwOGQtYjg5ZS00Njc1LTk2ZGEtM2QwZWQ2NjdhZTE5XkEyXkFqcGc@._V1_QL75_UY133_CR2,0,90,133_.jpg","https://www.imdb.com/title/tt0068646/?ref_=chttp_i_2","#2","https://www.imdb.com/title/tt0068646/?ref_=chttp_t_2","The Godfather","1972","2h 55m","R","9.2","(2.2M)"
"https://m.media-amazon.com/images/M/MV5BMTMxNTMwODM0NF5BMl5BanBnXkFtZTcwODAyMTk2Mw@@._V1_QL75_UX90_CR0,0,90,133_.jpg","https://www.imdb.com/title/tt0468569/?ref_=chttp_i_3","#3","https://www.imdb.com/title/tt0468569/?ref_=chttp_t_3","The Dark Knight","2008","2h 32m","PG-13","9.1","(3.2M)"
"https://m.media-amazon.com/images/M/MV5BMDIxMzBlZDktZjMxNy00ZGI4LTgxNDEtYWRlNzRjMjJmOGQ1XkEyXkFqcGc@._V1_QL75_UX90_CR0,1,90,133_.jpg","https://www.imdb.com/title/tt0071562/?ref_=chttp_i_4","#4","https://www.imdb.com/title/tt0071562/?ref_=chttp_t_4","The Godfather Part II","1974","3h 22m","R","9.0","(1.5M)"
"https://m.media-amazon.com/images/M/MV5BYjE4NzdmOTYtYjc5Yi00YzBiLWEzNDEtNTgxZGQ2MWVkN2NiXkEyXkFqcGc@._V1_QL75_UX90_CR0,3,90,133_.jpg","https://www.imdb.com/title/tt0050083/?ref_=chttp_i_5","#5","https://www.imdb.com/title/tt0050083/?ref_=chttp_t_5","12 Angry Men","1957","1h 36m","Approved","9.0","(980K)"
"https://m.media-amazon.com/images/M/MV5BMTZkMjBjNWMtZGI5OC00MGU0LTk4ZTItODg2NWM3NTVmNWQ4XkEyXkFqcGc@._V1_QL75_UX90_CR0,0,90,133_.jpg","https://www.imdb.com/title/tt0167260/?ref_=chttp_i_6","#6","https://www.imdb.com/title/tt0167260/?ref_=chttp_t_6","The Lord of the Rings: The Return of the King","2003","3h 21m","PG-13","9.0","(2.2M)"
"https://m.media-amazon.com/images/M/MV5BNjM1ZDQxYWUtMzQyZS00MTE1LWJmZGYtNGUyNTdlYjM3ZmVmXkEyXkFqcGc@._V1_QL75_UX90_CR0,1,90,133_.jpg","https://www.imdb.com/title/tt0108052/?ref_=chttp_i_7","#7","https://www.imdb.com/title/tt0108052/?ref_=chttp_t_7","Schindler's List","1993","3h 15m","R","9.0","(1.6M)"
"https://m.media-amazon.com/images/M/MV5BNzIxMDQ2YTctNDY4MC00ZTRhLTk4ODQtMTVlOWY4NTdiYmMwXkEyXkFqcGc@._V1_QL75_UX90_CR0,0,90,133_.jpg","https://www.imdb.com/title/tt0120737/?ref_=chttp_i_8","#8","https://www.imdb.com/title/tt0120737/?ref_=chttp_t_8","The Lord of the Rings: The Fellowship of the Ring","2001","2h 58m","PG-13","8.9","(2.2M)"
"https://m.media-amazon.com/images/M/MV5BYTViYTE3ZGQtNDBlMC00ZTAyLTkyODMtZGRiZDg0MjA2YThkXkEyXkFqcGc@._V1_QL75_UY133_CR1,0,90,133_.jpg","https://www.imdb.com/title/tt0110912/?ref_=chttp_i_9","#9","https://www.imdb.com/title/tt0110912/?ref_=chttp_t_9","Pulp Fiction","1994","2h 34m","R","8.8","(2.4M)"
"https://m.media-amazon.com/images/M/MV5BMWM5ZjQxM2YtNDlmYi00ZDNhLWI4MWUtN2VkYjBlMTY1ZTkwXkEyXkFqcGc@._V1_QL75_UX90_CR0,1,90,133_.jpg","https://www.imdb.com/title/tt0060196/?ref_=chttp_i_10","#10","https://www.imdb.com/title/tt0060196/?ref_=chttp_t_10","The Good, the Bad and the Ugly","1966","2h 58m","R","8.8","(889K)"
"https://m.media-amazon.com/images/M/MV5BMGQxMDdiOWUtYjc1Ni00YzM1LWE2NjMtZTg3Y2JkMjEzMTJjXkEyXkFqcGc@._V1_QL75_UX90_CR0,3,90,133_.jpg","https://www.imdb.com/title/tt0167261/?ref_=chttp_i_11","#11","https://www.imdb.com/title/tt0167261/?ref_=chttp_t_11","The Lord of the Rings: The Two Towers","2002","2h 59m","PG-13","8.8","(2M)"
"https://m.media-amazon.com/images/M/MV5BNDYwNzVjMTItZmU5YS00YjQ5LTljYjgtMjY2NDVmYWMyNWFmXkEyXkFqcGc@._V1_QL75_UY133_CR1,0,90,133_.jpg","https://www.imdb.com/title/tt0109830/?ref_=chttp_i_12","#12","https://www.imdb.com/title/tt0109830/?ref_=chttp_t_12","Forrest Gump","1994","2h 22m","PG-13","8.8","(2.5M)"
"https://m.media-amazon.com/images/M/MV5BOTgyOGQ1NDItNGU3Ny00MjU3LTg2YWEtNmEyYjBiMjI1Y2M5XkEyXkFqcGc@._V1_QL75_UX90_CR0,1,90,133_.jpg","https://www.imdb.com/title/tt0137523/?ref_=chttp_i_13","#13","https://www.imdb.com/title/tt0137523/?ref_=chttp_t_13","Fight Club","1999","2h 19m","R","8.8","(2.6M)"
"https://m.media-amazon.com/images/M/MV5BMjAxMzY3NjcxNF5BMl5BanBnXkFtZTcwNTI5OTM0Mw@@._V1_QL75_UX90_CR0,0,90,133_.jpg","https://www.imdb.com/title/tt1375666/?ref_=chttp_i_14","#14","https://www.imdb.com/title/tt1375666/?ref_=chttp_t_14","Inception","2010","2h 28m","PG-13","8.8","(2.8M)"
"https://m.media-amazon.com/images/M/MV5BMTkxNGFlNDktZmJkNC00MDdhLTg0MTEtZjZiYWI3MGE5NWIwXkEyXkFqcGc@._V1_QL75_UX90_CR0,3,90,133_.jpg","https://www.imdb.com/title/tt0080684/?ref_=chttp_i_15","#15","https://www.imdb.com/title/tt0080684/?ref_=chttp_t_15","Star Wars: Episode V - The Empire Strikes Back","1980","2h 4m","PG","8.7","(1.5M)"
"https://m.media-amazon.com/images/M/MV5BN2NmN2VhMTQtMDNiOS00NDlhLTliMjgtODE2ZTY0ODQyNDRhXkEyXkFqcGc@._V1_QL75_UX90_CR0,1,90,133_.jpg","https://www.imdb.com/title/tt0133093/?ref_=chttp_i_16","#16","https://www.imdb.com/title/tt0133093/?ref_=chttp_t_16","The Matrix","1999","2h 16m","R","8.7","(2.2M)"
"https://m.media-amazon.com/images/M/MV5BN2E5NzI2ZGMtY2VjNi00YTRjLWI1MDUtZGY5OWU1MWJjZjRjXkEyXkFqcGc@._V1_QL75_UX90_CR0,1,90,133_.jpg","https://www.imdb.com/title/tt0099685/?ref_=chttp_i_17","#17","https://www.imdb.com/title/tt0099685/?ref_=chttp_t_17","GoodFellas","1990","2h 25m","R","8.7","(1.4M)"
"https://m.media-amazon.com/images/M/MV5BYzdjMDAxZGItMjI2My00ODA1LTlkNzItOWFjMDU5ZDJlYWY3XkEyXkFqcGc@._V1_QL75_UX90_CR0,0,90,133_.jpg","https://www.imdb.com/title/tt0816692/?ref_=chttp_i_18","#18","https://www.imdb.com/title/tt0816692/?ref_=chttp_t_18","Interstellar","2014","2h 49m","PG-13","8.7","(2.5M)"
"https://m.media-amazon.com/images/M/MV5BYjBkMjgzMzYtNzRiMS00NDc3LWE4YTUtZjYxYjZhNjNhYzhhXkEyXkFqcGc@._V1_QL75_UX90_CR0,0,90,133_.jpg","https://www.imdb.com/title/tt0073486/?ref_=chttp_i_19","#19","https://www.imdb.com/title/tt0073486/?ref_=chttp_t_19","One Flew Over the Cuckoo's Nest","1975","2h 13m","R","8.6","(1.2M)"
"https://m.media-amazon.com/images/M/MV5BY2IzNzMxZjctZjUxZi00YzAxLTk3ZjMtODFjODdhMDU5NDM1XkEyXkFqcGc@._V1_QL75_UX90_CR0,4,90,133_.jpg","https://www.imdb.com/title/tt0114369/?ref_=chttp_i_20","#20","https://www.imdb.com/title/tt0114369/?ref_=chttp_t_20","Seven","1995","2h 7m","R","8.6","(2M)"
"https://m.media-amazon.com/images/M/MV5BMDM4OWFhYjEtNTE5Yy00NjcyLTg5N2UtZDQwNDZlYjlmNDU5XkEyXkFqcGc@._V1_QL75_UY133_CR1,0,90,133_.jpg","https://www.imdb.com/title/tt0038650/?ref_=chttp_i_21","#21","https://www.imdb.com/title/tt0038650/?ref_=chttp_t_21","It's a Wonderful Life","1946","2h 10m","PG","8.6","(554K)"
"https://m.media-amazon.com/images/M/MV5BNDdhOGJhYzctYzYwZC00YmI2LWI0MjctYjg4ODdlMDExYjBlXkEyXkFqcGc@._V1_QL75_UY133_CR0,0,90,133_.jpg","https://www.imdb.com/title/tt0102926/?ref_=chttp_i_22","#22","https://www.imdb.com/title/tt0102926/?ref_=chttp_t_22","The Silence of the Lambs","1991","1h 58m","R","8.6","(1.7M)"
"https://m.media-amazon.com/images/M/MV5BZjliMWExOTMtZDQ3ZS00NWU3LWIyN2EtMjllNzk3ZTNlYzg4XkEyXkFqcGc@._V1_QL75_UY133_CR2,0,90,133_.jpg","https://www.imdb.com/title/tt0047478/?ref_=chttp_i_23","#23","https://www.imdb.com/title/tt0047478/?ref_=chttp_t_23","Seven Samurai","1954","3h 27m","Not Rated","8.6","(401K)"
"https://m.media-amazon.com/images/M/MV5BZGZhZGQ1ZWUtZTZjYS00MDJhLWFkYjctN2ZlYjE5NWYwZDM2XkEyXkFqcGc@._V1_QL75_UY133_CR0,0,90,133_.jpg","https://www.imdb.com/title/tt0120815/?ref_=chttp_i_24","#24","https://www.imdb.com/title/tt0120815/?ref_=chttp_t_24","Saving Private Ryan","1998","2h 49m","R","8.6","(1.6M)"
"https://m.media-amazon.com/images/M/MV5BMTUxMzQyNjA5MF5BMl5BanBnXkFtZTYwOTU2NTY3._V1_QL75_UX90_CR0,0,90,133_.jpg","https://www.imdb.com/title/tt0120689/?ref_=chttp_i_25","#25","https://www.imdb.com/title/tt0120689/?ref_=chttp_t_25","The Green Mile","1999","3h 9m","R","8.6","(1.6M)"
"https://m.media-amazon.com/images/M/MV5BYjY4NGI5OTUtY2ZlZS00Zjk4LTk5N2MtN2JmYWVjNGNmMGRlXkEyXkFqcGc@._V1_QL75_UY133_CR0,0,90,133_.jpg","https://www.imdb.com/title/tt0317248/?ref_=chttp_i_26","#26","https://www.imdb.com/title/tt0317248/?ref_=chttp_t_26","City of God","2002","2h 10m","R","8.6","(868K)"
"https://m.media-amazon.com/images/M/MV5BZTBhOGYzZjQtYzE0Mi00MGIwLWE0MWYtNzMxNTM2OTFkM2NjXkEyXkFqcGc@._V1_QL75_UX90_CR0,0,90,133_.jpg","https://www.imdb.com/title/tt0118799/?ref_=chttp_i_27","#27","https://www.imdb.com/title/tt0118799/?ref_=chttp_t_27","Life Is Beautiful","1997","1h 56m","PG-13","8.6","(810K)"
"https://m.media-amazon.com/images/M/MV5BNGMyMGNkMDUtMjc2Ni00NWFlLTgyODEtZTY2MzBiZTg0OWZiXkEyXkFqcGc@._V1_QL75_UX90_CR0,0,90,133_.jpg","https://www.imdb.com/title/tt0103064/?ref_=chttp_i_28","#28","https://www.imdb.com/title/tt0103064/?ref_=chttp_t_28","Terminator 2: Judgment Day","1991","2h 17m","R","8.6","(1.3M)"
"https://m.media-amazon.com/images/M/MV5BOGUwMDk0Y2MtNjBlNi00NmRiLTk2MWYtMGMyMDlhYmI4ZDBjXkEyXkFqcGc@._V1_QL75_UX90_CR0,2,90,133_.jpg","https://www.imdb.com/title/tt0076759/?ref_=chttp_i_29","#29","https://www.imdb.com/title/tt0076759/?ref_=chttp_t_29","Star Wars: Episode IV - A New Hope","1977","2h 1m","PG","8.6","(1.6M)"
"https://m.media-amazon.com/images/M/MV5BZmM3ZjE0NzctNjBiOC00MDZmLTgzMTUtNGVlOWFlOTNiZDJiXkEyXkFqcGc@._V1_QL75_UX90_CR0,3,90,133_.jpg","https://www.imdb.com/title/tt0088763/?ref_=chttp_i_30","#30","https://www.imdb.com/title/tt0088763/?ref_=chttp_t_30","Back to the Future","1985","1h 56m","PG","8.5","(1.4M)"
"https://m.media-amazon.com/images/M/MV5BNTEyNmEwOWUtYzkyOC00ZTQ4LTllZmUtMjk0Y2YwOGUzYjRiXkEyXkFqcGc@._V1_QL75_UX90_CR0,0,90,133_.jpg","https://www.imdb.com/title/tt0245429/?ref_=chttp_i_31","#31","https://www.imdb.com/title/tt0245429/?ref_=chttp_t_31","Spirited Away","2001","2h 4m","PG","8.6","(963K)"
"https://m.media-amazon.com/images/M/MV5BMjEwNmEwYjgtNTk3ZC00NjljLTg5ZDctZTY3ZGQwZjRkZmQxXkEyXkFqcGc@._V1_QL75_UY133_CR3,0,90,133_.jpg","https://www.imdb.com/title/tt0253474/?ref_=chttp_i_32","#32","https://www.imdb.com/title/tt0253474/?ref_=chttp_t_32","The Pianist","2002","2h 30m","R","8.5","(1M)"
"https://m.media-amazon.com/images/M/MV5BYWQ4YmNjYjEtOWE1Zi00Y2U4LWI4NTAtMTU0MjkxNWQ1ZmJiXkEyXkFqcGc@._V1_QL75_UX90_CR0,0,90,133_.jpg","https://www.imdb.com/title/tt0172495/?ref_=chttp_i_33","#33","https://www.imdb.com/title/tt0172495/?ref_=chttp_t_33","Gladiator","2000","2h 35m","R","8.5","(1.8M)"
"https://m.media-amazon.com/images/M/MV5BYjk1Y2U4MjQtY2ZiNS00OWQyLWI3MmYtZWUwNmRjYWRiNWNhXkEyXkFqcGc@._V1_QL75_UX90_CR0,0,90,133_.jpg","https://www.imdb.com/title/tt6751668/?ref_=chttp_i_34","#34","https://www.imdb.com/title/tt6751668/?ref_=chttp_t_34","Parasite","2019","2h 12m","R","8.5","(1.2M)"
"https://m.media-amazon.com/images/M/MV5BNTY5MmE2OGMtN2IxNC00MDY4LTkwMGEtZDUzOTYyNWE0ZTNjXkEyXkFqcGc@._V1_QL75_UX90_CR0,1,90,133_.jpg","https://www.imdb.com/title/tt0095327/?ref_=chttp_i_35","#35","https://www.imdb.com/title/tt0095327/?ref_=chttp_t_35","Grave of the Fireflies","1988","1h 28m","Not Rated","8.5","(383K)"
"https://m.media-amazon.com/images/M/MV5BYjZhMzFiZjItODA3ZC00MmRhLWIzMGYtMmVjOWUwYTA3MTRjXkEyXkFqcGc@._V1_QL75_UX90_CR0,0,90,133_.jpg","https://www.imdb.com/title/tt0054215/?ref_=chttp_i_36","#36","https://www.imdb.com/title/tt0054215/?ref_=chttp_t_36","Psycho","1960","1h 49m","R","8.5","(783K)"
"https://m.media-amazon.com/images/M/MV5BZGRiZDZhZjItM2M3ZC00Y2IyLTk3Y2MtMWY5YjliNDFkZTJlXkEyXkFqcGc@._V1_QL75_UX90_CR0,0,90,133_.jpg","https://www.imdb.com/title/tt0110357/?ref_=chttp_i_37","#37","https://www.imdb.com/title/tt0110357/?ref_=chttp_t_37","The Lion King","1994","1h 28m","G","8.5","(1.3M)"
"https://m.media-amazon.com/images/M/MV5BZThiZjU5ZDQtZDI4Mi00ZGYyLTkzOTktYmIzZTFlZTkxYzg5XkEyXkFqcGc@._V1_QL75_UY133_CR1,0,90,133_.jpg","https://www.imdb.com/title/tt0056058/?ref_=chttp_i_38","#38","https://www.imdb.com/title/tt0056058/?ref_=chttp_t_38","Harakiri","1962","2h 13m","Not Rated","8.6","(90K)"
"https://m.media-amazon.com/images/M/MV5BMTI1MTY2OTIxNV5BMl5BanBnXkFtZTYwNjQ4NjY3._V1_QL75_UY133_CR0,0,90,133_.jpg","https://www.imdb.com/title/tt0407887/?ref_=chttp_i_39","#39","https://www.imdb.com/title/tt0407887/?ref_=chttp_t_39","The Departed","2006","2h 31m","R","8.5","(1.5M)"
"https://m.media-amazon.com/images/M/MV5BMDFjOWFkYzktYzhhMC00NmYyLTkwY2EtYjViMDhmNzg0OGFkXkEyXkFqcGc@._V1_QL75_UX90_CR0,0,90,133_.jpg","https://www.imdb.com/title/tt2582802/?ref_=chttp_i_40","#40","https://www.imdb.com/title/tt2582802/?ref_=chttp_t_40","Whiplash","2014","1h 46m","R","8.5","(1.1M)"
"https://m.media-amazon.com/images/M/MV5BZDc2YzhkODAtZmRmZS00YzcxLWJkYWEtM2ZhZjY3MmMyZmJiXkEyXkFqcGc@._V1_QL75_UX90_CR0,1,90,133_.jpg","https://www.imdb.com/title/tt6019206/?ref_=chttp_i_41","#41","https://www.imdb.com/title/tt6019206/?ref_=chttp_t_41","Kill Bill: The Whole Bloody Affair","2004","4h 13m","Not Rated","8.8","(34K)"
"https://m.media-amazon.com/images/M/MV5BMTM3MzQ5MjQ5OF5BMl5BanBnXkFtZTcwMTQ3NzMzMw@@._V1_QL75_UY133_CR0,0,90,133_.jpg","https://www.imdb.com/title/tt0482571/?ref_=chttp_i_42","#42","https://www.imdb.com/title/tt0482571/?ref_=chttp_t_42","The Prestige","2006","2h 10m","PG-13","8.5","(1.6M)"
"https://m.media-amazon.com/images/M/MV5BMzhiOTQ0NDItOTg0Zi00OGVmLWE0OGEtMTI4NDM0NWMxZWU4XkEyXkFqcGc@._V1_QL75_UX90_CR0,0,90,133_.jpg","https://www.imdb.com/title/tt0120586/?ref_=chttp_i_43","#43","https://www.imdb.com/title/tt0120586/?ref_=chttp_t_43","American History X","1998","1h 59m","R","8.5","(1.3M)"
"https://m.media-amazon.com/images/M/MV5BNGRkYTNhOWQtYmI0Ni00MjZhLWJmMzAtMTA2Mjg4NGNiNDU0XkEyXkFqcGc@._V1_QL75_UX90_CR0,0,90,133_.jpg","https://www.imdb.com/title/tt0110413/?ref_=chttp_i_44","#44","https://www.imdb.com/title/tt0110413/?ref_=chttp_t_44","Léon: The Professional","1994","1h 50m","R","8.5","(1.3M)"
"https://m.media-amazon.com/images/M/MV5BNThiZjA3MjItZGY5Ni00ZmJhLWEwN2EtOTBlYTA4Y2E0M2ZmXkEyXkFqcGc@._V1_QL75_UX90_CR0,0,90,133_.jpg","https://www.imdb.com/title/tt9362722/?ref_=chttp_i_45","#45","https://www.imdb.com/title/tt9362722/?ref_=chttp_t_45","Spider-Man: Across the Spider-Verse","2023","2h 20m","PG","8.5","(518K)"
"https://m.media-amazon.com/images/M/MV5BMTljNzc4YWEtYTZlMS00ODMyLWIwMTAtNWQxY2VkMDEwYTk5XkEyXkFqcGc@._V1_QL75_UX90_CR0,0,90,133_.jpg","https://www.imdb.com/title/tt0095765/?ref_=chttp_i_46","#46","https://www.imdb.com/title/tt0095765/?ref_=chttp_t_46","Cinema Paradiso","1988","2h 54m","PG","8.5","(317K)"
"https://m.media-amazon.com/images/M/MV5BNWEzN2U1YTYtYTQyMS00NTVkLWE2NGQtZWFlMmM0MDNjMmRiXkEyXkFqcGc@._V1_QL75_UX90_CR0,1,90,133_.jpg","https://www.imdb.com/title/tt0034583/?ref_=chttp_i_47","#47","https://www.imdb.com/title/tt0034583/?ref_=chttp_t_47","Casablanca","1942","1h 42m","PG","8.5","(654K)"
"https://m.media-amazon.com/images/M/MV5BMTYxNDA3MDQwNl5BMl5BanBnXkFtZTcwNTU4Mzc1Nw@@._V1_QL75_UX90_CR0,0,90,133_.jpg","https://www.imdb.com/title/tt1675434/?ref_=chttp_i_48","#48","https://www.imdb.com/title/tt1675434/?ref_=chttp_t_48","The Intouchables","2011","1h 52m","R","8.5","(1M)"
"https://m.media-amazon.com/images/M/MV5BOTE5MDUxZDUtZWZmZC00NDVmLWFhOGQtNWI2YTc4NzY3MGQ0XkEyXkFqcGc@._V1_QL75_UX90_CR0,0,90,133_.jpg","https://www.imdb.com/title/tt0114814/?ref_=chttp_i_49","#49","https://www.imdb.com/title/tt0114814/?ref_=chttp_t_49","The Usual Suspects","1995","1h 46m","R","8.5","(1.2M)"
"https://m.media-amazon.com/images/M/MV5BN2NhMDk2MmEtZDQzOC00MmY5LThhYzAtMDdjZGFjOGZjMjdjXkEyXkFqcGc@._V1_QL75_UX90_CR0,1,90,133_.jpg","https://www.imdb.com/title/tt0078748/?ref_=chttp_i_50","#50","https://www.imdb.com/title/tt0078748/?ref_=chttp_t_50","Alien","1979","1h 57m","R","8.5","(1.1M)"
"https://m.media-amazon.com/images/M/MV5BMjIyNTQ5NjQ1OV5BMl5BanBnXkFtZTcwODg1MDU4OA@@._V1_QL75_UX90_CR0,0,90,133_.jpg","https://www.imdb.com/title/tt1853728/?ref_=chttp_i_51","#51","https://www.imdb.com/title/tt1853728/?ref_=chttp_t_51","Django Unchained","2012","2h 45m","R","8.5","(1.9M)"
"https://m.media-amazon.com/images/M/MV5BODZhOWI1ODgtMzdiOS00YjNkLTgwOGUtYmIyZDg5ZmQwMzQ1XkEyXkFqcGc@._V1_QL75_UY133_CR1,0,90,133_.jpg","https://www.imdb.com/title/tt0047396/?ref_=chttp_i_52","#52","https://www.imdb.com/title/tt0047396/?ref_=chttp_t_52","Rear Window","1954","1h 52m","PG","8.5","(568K)"
"https://m.media-amazon.com/images/M/MV5BMjA4MDU2NDQwN15BMl5BanBnXkFtZTgwODUwNDI2MzE@._V1_QL75_UX90_CR0,1,90,133_.jpg","https://www.imdb.com/title/tt0027977/?ref_=chttp_i_53","#53","https://www.imdb.com/title/tt0027977/?ref_=chttp_t_53","Modern Times","1936","1h 27m","G","8.5","(285K)"
"https://m.media-amazon.com/images/M/MV5BZjYyNGY1MDEtN2I1MC00MGVhLTljZTYtODQ1NzQ0ODc2NzZlXkEyXkFqcGc@._V1_QL75_UX90_CR0,1,90,133_.jpg","https://www.imdb.com/title/tt0064116/?ref_=chttp_i_54","#54","https://www.imdb.com/title/tt0064116/?ref_=chttp_t_54","Once Upon a Time in the West","1968","2h 25m","PG-13","8.5","(383K)"
"https://m.media-amazon.com/images/M/MV5BM2U4NjgzODUtODkyOC00YTE2LTlhNTItYzFlYmM1NTEzZDA2XkEyXkFqcGc@._V1_QL75_UX90_CR0,1,90,133_.jpg","https://www.imdb.com/title/tt0021749/?ref_=chttp_i_55","#55","https://www.imdb.com/title/tt0021749/?ref_=chttp_t_55","City Lights","1931","1h 27m","G","8.5","(216K)"
"https://m.media-amazon.com/images/M/MV5BZDhiMTljYjYtODc1Yy00MmEwLTg2OTYtYmE1YTRmNDE4MmEwXkEyXkFqcGc@._V1_QL75_UX90_CR0,2,90,133_.jpg","https://www.imdb.com/title/tt0078788/?ref_=chttp_i_56","#56","https://www.imdb.com/title/tt0078788/?ref_=chttp_t_56","Apocalypse Now","1979","2h 27m","R","8.4","(768K)"
"https://m.media-amazon.com/images/M/MV5BMjExMTg5OTU0NF5BMl5BanBnXkFtZTcwMjMxMzMzMw@@._V1_QL75_UX90_CR0,0,90,133_.jpg","https://www.imdb.com/title/tt0910970/?ref_=chttp_i_57","#57","https://www.imdb.com/title/tt0910970/?ref_=chttp_t_57","WALL·E","2008","1h 38m","G","8.4","(1.3M)"
"https://m.media-amazon.com/images/M/MV5BMGQ3Y2Q4NjktN2E4Ny00Y2Q2LTliZDUtZTNiNjRhY2I0NGIyXkEyXkFqcGc@._V1_QL75_UX90_CR0,1,90,133_.jpg","https://www.imdb.com/title/tt0209144/?ref_=chttp_i_58","#58","https://www.imdb.com/title/tt0209144/?ref_=chttp_t_58","Memento","2000","1h 53m","R","8.4","(1.4M)"
"https://m.media-amazon.com/images/M/MV5BNTc0YmQxMjEtODI5MC00NjFiLTlkMWUtOGQ5NjFmYWUyZGJhXkEyXkFqcGc@._V1_QL75_UX90_CR0,0,90,133_.jpg","https://www.imdb.com/title/tt15239678/?ref_=chttp_i_59","#59","https://www.imdb.com/title/tt15239678/?ref_=chttp_t_59","Dune: Part Two","2024","2h 46m","PG-13","8.4","(732K)"
"https://m.media-amazon.com/images/M/MV5BOGNhMjg2ZjgtYzk4Ni00MTViLTg1MmUtYzM2MDZiYjZlMmU3XkEyXkFqcGc@._V1_QL75_UY133_CR0,0,90,133_.jpg","https://www.imdb.com/title/tt0082971/?ref_=chttp_i_60","#60","https://www.imdb.com/title/tt0082971/?ref_=chttp_t_60","Raiders of the Lost Ark","1981","1h 55m","PG","8.4","(1.1M)"
"https://m.media-amazon.com/images/M/MV5BMjMxNjY2MDU1OV5BMl5BanBnXkFtZTgwNzY1MTUwNTM@._V1_QL75_UX90_CR0,0,90,133_.jpg","https://www.imdb.com/title/tt4154756/?ref_=chttp_i_61","#61","https://www.imdb.com/title/tt4154756/?ref_=chttp_t_61","Avengers: Infinity War","2018","2h 29m","PG-13","8.4","(1.4M)"
"https://m.media-amazon.com/images/M/MV5BYjM1N2Q0YWEtN2E5MC00NDM3LTk2NTEtMTc1NTk5OTA5ZGIzXkEyXkFqcGc@._V1_QL75_UX90_CR0,0,90,133_.jpg","https://www.imdb.com/title/tt0405094/?ref_=chttp_i_62","#62","https://www.imdb.com/title/tt0405094/?ref_=chttp_t_62","The Lives of Others","2006","2h 17m","R","8.4","(442K)"
"https://m.media-amazon.com/images/M/MV5BMjMwNDkxMTgzOF5BMl5BanBnXkFtZTgwNTkwNTQ3NjM@._V1_QL75_UX90_CR0,0,90,133_.jpg","https://www.imdb.com/title/tt4633694/?ref_=chttp_i_63","#63","https://www.imdb.com/title/tt4633694/?ref_=chttp_t_63","Spider-Man: Into the Spider-Verse","2018","1h 57m","PG","8.4","(784K)"
"https://m.media-amazon.com/images/M/MV5BMTU0NTkyNzYwMF5BMl5BanBnXkFtZTgwMDU0NDk5MTI@._V1_QL75_UX90_CR0,1,90,133_.jpg","https://www.imdb.com/title/tt0043014/?ref_=chttp_i_64","#64","https://www.imdb.com/title/tt0043014/?ref_=chttp_t_64","Sunset Boulevard","1950","1h 50m","Approved","8.4","(261K)"
"https://m.media-amazon.com/images/M/MV5BNjRhNTQzMzQtMWViMi00ODQ1LTg0MTEtYWE4ZWZlYjM4YjJhXkEyXkFqcGc@._V1_QL75_UX90_CR0,2,90,133_.jpg","https://www.imdb.com/title/tt0051201/?ref_=chttp_i_65","#65","https://www.imdb.com/title/tt0051201/?ref_=chttp_t_65","Witness for the Prosecution","1957","1h 56m","Approved","8.4","(161K)"
"https://m.media-amazon.com/images/M/MV5BNmQ2NmI2ODYtMDQzNS00NzQyLTkzZjgtZmZlYTQ5MTc1OWU3XkEyXkFqcGc@._V1_QL75_UX90_CR0,2,90,133_.jpg","https://www.imdb.com/title/tt0050825/?ref_=chttp_i_66","#66","https://www.imdb.com/title/tt0050825/?ref_=chttp_t_66","Paths of Glory","1957","1h 28m","Approved","8.4","(238K)"
"https://m.media-amazon.com/images/M/MV5BNmM5ZThhY2ItOGRjOS00NzZiLWEwYTItNDgyMjFkOTgxMmRiXkEyXkFqcGc@._V1_QL75_UX90_CR0,2,90,133_.jpg","https://www.imdb.com/title/tt0081505/?ref_=chttp_i_67","#67","https://www.imdb.com/title/tt0081505/?ref_=chttp_t_67","The Shining","1980","2h 26m","R","8.4","(1.2M)"
"https://m.media-amazon.com/images/M/MV5BMjc4ZjEwNDUtMjlmZS00NzQ4LTg2N2MtMGI3ZjMyMmM3ZDM2XkEyXkFqcGc@._V1_QL75_UX90_CR0,0,90,133_.jpg","https://www.imdb.com/title/tt0032553/?ref_=chttp_i_68","#68","https://www.imdb.com/title/tt0032553/?ref_=chttp_t_68","The Great Dictator","1940","2h 5m","G","8.4","(259K)"
"https://m.media-amazon.com/images/M/MV5BODZhMWJlNjYtNDExNC00MTIzLTllM2ItOGQ2NGVjNDQ3MzkzXkEyXkFqcGc@._V1_QL75_UX90_CR0,0,90,133_.jpg","https://www.imdb.com/title/tt0361748/?ref_=chttp_i_69","#69","https://www.imdb.com/title/tt0361748/?ref_=chttp_t_69","Inglourious Basterds","2009","2h 33m","R","8.4","(1.8M)"
"https://m.media-amazon.com/images/M/MV5BNTE3OTIxZDYtNjA0NC00N2YxLTg1NGQtOTYxNmZkMDkwOWNjXkEyXkFqcGc@._V1_QL75_UY133_CR6,0,90,133_.jpg","https://www.imdb.com/title/tt23849204/?ref_=chttp_i_70","#70","https://www.imdb.com/title/tt23849204/?ref_=chttp_t_70","12th Fail","2023","2h 27m","","8.7","(170K)"
"https://m.media-amazon.com/images/M/MV5BZjIyNGJhYzYtN2I1My00OTVhLWEyMzItZTVjNDMzOTVkYWViXkEyXkFqcGc@._V1_QL75_UX90_CR0,1,90,133_.jpg","https://www.imdb.com/title/tt0090605/?ref_=chttp_i_71","#71","https://www.imdb.com/title/tt0090605/?ref_=chttp_t_71","Aliens","1986","2h 17m","R","8.4","(839K)"
"https://m.media-amazon.com/images/M/MV5BMGJiNzllYjktODAzNS00OGUzLTlmY2MtMjA2ZTZhYTY1OTc4XkEyXkFqcGc@._V1_QL75_UX90_CR0,1,90,133_.jpg","https://www.imdb.com/title/tt0057565/?ref_=chttp_i_72","#72","https://www.imdb.com/title/tt0057565/?ref_=chttp_t_72","High and Low","1963","2h 23m","Not Rated","8.4","(71K)"
"https://m.media-amazon.com/images/M/MV5BNDdjZGQ5YzEtNTc2My00Mjc0LWFlMTctYzkwMzZlNzdiZWYzXkEyXkFqcGc@._V1_QL75_UX90_CR0,2,90,133_.jpg","https://www.imdb.com/title/tt0119217/?ref_=chttp_i_73","#73","https://www.imdb.com/title/tt0119217/?ref_=chttp_t_73","Good Will Hunting","1997","2h 6m","R","8.4","(1.2M)"
"https://m.media-amazon.com/images/M/MV5BMTc5MDE2ODcwNV5BMl5BanBnXkFtZTgwMzI2NzQ2NzM@._V1_QL75_UX90_CR0,0,90,133_.jpg","https://www.imdb.com/title/tt4154796/?ref_=chttp_i_74","#74","https://www.imdb.com/title/tt4154796/?ref_=chttp_t_74","Avengers: Endgame","2019","3h 1m","PG-13","8.4","(1.4M)"
"https://m.media-amazon.com/images/M/MV5BMTk4ODQzNDY3Ml5BMl5BanBnXkFtZTcwODA0NTM4Nw@@._V1_QL75_UX90_CR0,0,90,133_.jpg","https://www.imdb.com/title/tt1345836/?ref_=chttp_i_75","#75","https://www.imdb.com/title/tt1345836/?ref_=chttp_t_75","The Dark Knight Rises","2012","2h 44m","PG-13","8.4","(2M)"
"https://m.media-amazon.com/images/M/MV5BMDIyM2E2NTAtMzlhNy00ZGUxLWI1NjgtZDY5MzhiMDc5NGU3XkEyXkFqcGc@._V1_QL75_UY133_CR2,0,90,133_.jpg","https://www.imdb.com/title/tt2380307/?ref_=chttp_i_76","#76","https://www.imdb.com/title/tt2380307/?ref_=chttp_t_76","Coco","2017","1h 45m","PG","8.4","(703K)"
"https://m.media-amazon.com/images/M/MV5BMzc2MjM0NTMtOGY4NC00NzY1LWE2ODUtZjMzY2RhNGNkZDAyXkEyXkFqcGc@._V1_QL75_UX90_CR0,3,90,133_.jpg","https://www.imdb.com/title/tt0086879/?ref_=chttp_i_77","#77","https://www.imdb.com/title/tt0086879/?ref_=chttp_t_77","Amadeus","1984","2h 40m","PG","8.4","(467K)"
"https://m.media-amazon.com/images/M/MV5BZTA3OWVjOWItNjE1NS00NzZiLWE1MjgtZDZhMWI1ZTlkNzYwXkEyXkFqcGc@._V1_QL75_UX90_CR0,0,90,133_.jpg","https://www.imdb.com/title/tt0114709/?ref_=chttp_i_78","#78","https://www.imdb.com/title/tt0114709/?ref_=chttp_t_78","Toy Story","1995","1h 21m","G","8.3","(1.2M)"
"https://m.media-amazon.com/images/M/MV5BMjI1ODZkYTgtYTY3Yy00ZTJkLWFkOTgtZDUyYWM4MzQwNjk0XkEyXkFqcGc@._V1_QL75_UX90_CR0,0,90,133_.jpg","https://www.imdb.com/title/tt5311514/?ref_=chttp_i_79","#79","https://www.imdb.com/title/tt5311514/?ref_=chttp_t_79","Your Name.","2016","1h 46m","","8.4","(390K)"
"https://m.media-amazon.com/images/M/MV5BNTkwNzJiYTctNzI3NC00NjE1LTlhYjktY2Q5MTdmMWFmNzcxXkEyXkFqcGc@._V1_QL75_UX90_CR0,0,90,133_.jpg","https://www.imdb.com/title/tt12042730/?ref_=chttp_i_80","#80","https://www.imdb.com/title/tt12042730/?ref_=chttp_t_80","Project Hail Mary","2026","2h 36m","PG-13","8.4","(169K)"
"https://m.media-amazon.com/images/M/MV5BNGU0MWZlMTUtM2Y3Ny00NGNmLWE5NmEtN2YxOWQzMGM3ZWYzXkEyXkFqcGc@._V1_QL75_UX90_CR0,2,90,133_.jpg","https://www.imdb.com/title/tt0082096/?ref_=chttp_i_81","#81","https://www.imdb.com/title/tt0082096/?ref_=chttp_t_81","Das Boot","1981","2h 29m","","8.3","(287K)"
"https://m.media-amazon.com/images/M/MV5BMTAwNzNjYWItZmI0Ni00ZTcyLWIwNWMtZjlmNGMxZTEyYTJmXkEyXkFqcGc@._V1_QL75_UX90_CR0,1,90,133_.jpg","https://www.imdb.com/title/tt0364569/?ref_=chttp_i_82","#82","https://www.imdb.com/title/tt0364569/?ref_=chttp_t_82","Oldboy","2003","2h","R","8.3","(716K)"
"https://m.media-amazon.com/images/M/MV5BNGMxZDBhNGQtYTZlNi00N2UzLWI4NDEtNmUzNWM2NTdmZDA0XkEyXkFqcGc@._V1_QL75_UY133_CR0,0,90,133_.jpg","https://www.imdb.com/title/tt0112573/?ref_=chttp_i_83","#83","https://www.imdb.com/title/tt0112573/?ref_=chttp_t_83","Braveheart","1995","2h 58m","R","8.3","(1.2M)"
"https://m.media-amazon.com/images/M/MV5BZTcyN2Y0MDYtMGI1NC00MWQ1LWFhZGMtN2U4NTcxZGYyNjljXkEyXkFqcGc@._V1_QL75_UX90_CR0,1,90,133_.jpg","https://www.imdb.com/title/tt0119698/?ref_=chttp_i_84","#84","https://www.imdb.com/title/tt0119698/?ref_=chttp_t_84","Princess Mononoke","1997","2h 13m","PG-13","8.3","(482K)"
"https://m.media-amazon.com/images/M/MV5BMjFjYzBlOTktMTI2OS00ZWVhLTgxMDUtNzAwODY2NmI3YTAzXkEyXkFqcGc@._V1_QL75_UX90_CR0,3,90,133_.jpg","https://www.imdb.com/title/tt0057012/?ref_=chttp_i_85","#85","https://www.imdb.com/title/tt0057012/?ref_=chttp_t_85","Dr. Strangelove or: How I Learned to Stop Worrying and Love the Bomb","1964","1h 35m","PG","8.3","(551K)"
"https://m.media-amazon.com/images/M/MV5BNzc4ZWQ3NmYtODE0Ny00YTQ4LTlkZWItNTBkMGQ0MmUwMmJlXkEyXkFqcGc@._V1_QL75_UY133_CR1,0,90,133_.jpg","https://www.imdb.com/title/tt1187043/?ref_=chttp_i_86","#86","https://www.imdb.com/title/tt1187043/?ref_=chttp_t_86","3 Idiots","2009","2h 50m","PG-13","8.4","(480K)"
"https://m.media-amazon.com/images/M/MV5BMDI1MDE0OTMtMmI2MS00Yjc2LTg2MTItMWExYTg5NzA1OGUzXkEyXkFqcGc@._V1_QL75_UX90_CR0,0,90,133_.jpg","https://www.imdb.com/title/tt0169547/?ref_=chttp_i_87","#87","https://www.imdb.com/title/tt0169547/?ref_=chttp_t_87","American Beauty","1999","2h 2m","R","8.3","(1.3M)"
"https://m.media-amazon.com/images/M/MV5BYzEyMzQ1OTktZTljZi00OWQzLWE2ZmUtZjQyNzBjYjE1NTc0XkEyXkFqcGc@._V1_QL75_UY133_CR0,0,90,133_.jpg","https://www.imdb.com/title/tt8267604/?ref_=chttp_i_88","#88","https://www.imdb.com/title/tt8267604/?ref_=chttp_t_88","Capernaum","2018","2h 6m","R","8.4","(124K)"
"https://m.media-amazon.com/images/M/MV5BMGQzZDFjZWUtZDU4ZS00ZjM3LTgyYmItYjA3YmIwYzRkZWY3XkEyXkFqcGc@._V1_QL75_UY133_CR1,0,90,133_.jpg","https://www.imdb.com/title/tt0045152/?ref_=chttp_i_89","#89","https://www.imdb.com/title/tt0045152/?ref_=chttp_t_89","Singin' in the Rain","1952","1h 43m","G","8.3","(282K)"
"https://m.media-amazon.com/images/M/MV5BNzY3OWQ5NDktNWQ2OC00ZjdlLThkMmItMDhhNDk3NTFiZGU4XkEyXkFqcGc@._V1_QL75_UX90_CR0,0,90,133_.jpg","https://www.imdb.com/title/tt7286456/?ref_=chttp_i_90","#90","https://www.imdb.com/title/tt7286456/?ref_=chttp_t_90","Joker","2019","2h 2m","R","8.3","(1.7M)"
"https://m.media-amazon.com/images/M/MV5BMDQ0ZTg2OGUtZjMyOC00M2M5LThkMmItZmM2MmUzMmIxMWJhXkEyXkFqcGc@._V1_QL75_UX90_CR0,1,90,133_.jpg","https://www.imdb.com/title/tt0087843/?ref_=chttp_i_91","#91","https://www.imdb.com/title/tt0087843/?ref_=chttp_t_91","Once Upon a Time in America","1984","3h 49m","R","8.3","(408K)"
"https://m.media-amazon.com/images/M/MV5BNDlkZmVkZDAtZGFmMS00OWIzLWJkY2YtNWE5NjNhNjhiZGE3XkEyXkFqcGc@._V1_QL75_UX90_CR0,2,90,133_.jpg","https://www.imdb.com/title/tt0091251/?ref_=chttp_i_92","#92","https://www.imdb.com/title/tt0091251/?ref_=chttp_t_92","Come and See","1985","2h 22m","Not Rated","8.3","(122K)"
"https://m.media-amazon.com/images/M/MV5BNWEwOTI0MmUtMGNmNy00ODViLTlkZDQtZTg1YmQ3MDgyNTUzXkEyXkFqcGc@._V1_QL75_UX90_CR0,3,90,133_.jpg","https://www.imdb.com/title/tt0086190/?ref_=chttp_i_93","#93","https://www.imdb.com/title/tt0086190/?ref_=chttp_t_93","Star Wars: Episode VI - Return of the Jedi","1983","2h 11m","PG","8.3","(1.2M)"
"https://m.media-amazon.com/images/M/MV5BN2ZlMjIzZjctYzA2My00ZWYyLWI4ZjctMGI2NWYyNzFiZjAwXkEyXkFqcGc@._V1_QL75_UX90_CR0,1,90,133_.jpg","https://www.imdb.com/title/tt0180093/?ref_=chttp_i_94","#94","https://www.imdb.com/title/tt0180093/?ref_=chttp_t_94","Requiem for a Dream","2000","1h 42m","NC-17","8.3","(971K)"
"https://m.media-amazon.com/images/M/MV5BMTgxOTY4Mjc0MF5BMl5BanBnXkFtZTcwNTA4MDQyMw@@._V1_QL75_UY133_CR2,0,90,133_.jpg","https://www.imdb.com/title/tt0435761/?ref_=chttp_i_95","#95","https://www.imdb.com/title/tt0435761/?ref_=chttp_t_95","Toy Story 3","2010","1h 43m","G","8.3","(967K)"
"https://m.media-amazon.com/images/M/MV5BMmNlZTk4ZjQtY2I5NS00NmNiLTlkNmUtYTc3YmE0ZTk3OGNiXkEyXkFqcGc@._V1_QL75_UY133_CR3,0,90,133_.jpg","https://www.imdb.com/title/tt0044741/?ref_=chttp_i_96","#96","https://www.imdb.com/title/tt0044741/?ref_=chttp_t_96","Ikiru","1952","2h 23m","Not Rated","8.3","(102K)"
"https://m.media-amazon.com/images/M/MV5BMTg2NDg3ODg4NF5BMl5BanBnXkFtZTcwNzk3NTc3Nw@@._V1_QL75_UY133_CR2,0,90,133_.jpg","https://www.imdb.com/title/tt2106476/?ref_=chttp_i_97","#97","https://www.imdb.com/title/tt2106476/?ref_=chttp_t_97","The Hunt","2012","1h 55m","R","8.3","(408K)"
"https://m.media-amazon.com/images/M/MV5BYWFmMjdmNjctNzhhOC00ZmMzLTkwOGItMmVmZDU4MjE2MTYwXkEyXkFqcGc@._V1_QL75_UX90_CR0,1,90,133_.jpg","https://www.imdb.com/title/tt1255953/?ref_=chttp_i_98","#98","https://www.imdb.com/title/tt1255953/?ref_=chttp_t_98","Incendies","2010","2h 11m","R","8.3","(249K)"
"https://m.media-amazon.com/images/M/MV5BMTY4NzcwODg3Nl5BMl5BanBnXkFtZTcwNTEwOTMyMw@@._V1_QL75_UX90_CR0,0,90,133_.jpg","https://www.imdb.com/title/tt0338013/?ref_=chttp_i_99","#99","https://www.imdb.com/title/tt0338013/?ref_=chttp_t_99","Eternal Sunshine of the Spotless Mind","2004","1h 48m","R","8.3","(1.2M)"
"https://m.media-amazon.com/images/M/MV5BNDdhMzVhOWQtNDU2Mi00ZmZmLWJiZDMtY2QxMjhjY2Y1ZTI5XkEyXkFqcGc@._V1_QL75_UX90_CR0,4,90,133_.jpg","https://www.imdb.com/title/tt0053604/?ref_=chttp_i_100","#100","https://www.imdb.com/title/tt0053604/?ref_=chttp_t_100","The Apartment","1960","2h 5m","Approved","8.3","(219K)"
"https://m.media-amazon.com/images/M/MV5BYjY0YTQ1OTAtYjEyNy00NTQ4LThlMTQtM2QwYTVhYWFhNjU5XkEyXkFqcGc@._V1_QL75_UY133_CR1,0,90,133_.jpg","https://www.imdb.com/title/tt0056172/?ref_=chttp_i_101","#101","https://www.imdb.com/title/tt0056172/?ref_=chttp_t_101","Lawrence of Arabia","1962","3h 47m","Approved","8.3","(341K)"
"https://m.media-amazon.com/images/M/MV5BMTkxYjU1OTMtYWViZC00ZjAzLWI3MDktZGQ2N2VmMjVjNDRlXkEyXkFqcGc@._V1_QL75_UY133_CR2,0,90,133_.jpg","https://www.imdb.com/title/tt0113277/?ref_=chttp_i_102","#102","https://www.imdb.com/title/tt0113277/?ref_=chttp_t_102","Heat","1995","2h 50m","R","8.3","(800K)"
"https://m.media-amazon.com/images/M/MV5BNDUzYjY0NmUtMDM4OS00Y2Q5LWJiODYtNTk0ZTk0YjZhMTg1XkEyXkFqcGc@._V1_QL75_UX90_CR0,1,90,133_.jpg","https://www.imdb.com/title/tt0086250/?ref_=chttp_i_103","#103","https://www.imdb.com/title/tt0086250/?ref_=chttp_t_103","Scarface","1983","2h 50m","R","8.3","(1M)"
"https://m.media-amazon.com/images/M/MV5BNjU0NDFkMTQtZWY5OS00MmZhLTg3Y2QtZmJhMzMzMWYyYjc2XkEyXkFqcGc@._V1_QL75_UX90_CR0,0,90,133_.jpg","https://www.imdb.com/title/tt0062622/?ref_=chttp_i_104","#104","https://www.imdb.com/title/tt0062622/?ref_=chttp_t_104","2001: A Space Odyssey","1968","2h 29m","G","8.3","(781K)"
"https://m.media-amazon.com/images/M/MV5BMmMzYjg4NDctYWY0Mi00OGViLWIzMTMtYWNlZGY5ZDJmYjk3XkEyXkFqcGc@._V1_QL75_UX90_CR0,0,90,133_.jpg","https://www.imdb.com/title/tt0105236/?ref_=chttp_i_105","#105","https://www.imdb.com/title/tt0105236/?ref_=chttp_t_105","Reservoir Dogs","1992","1h 39m","R","8.3","(1.2M)"
"https://m.media-amazon.com/images/M/MV5BNmI1ZTc5MWMtMDYyOS00ZDc2LTkzOTAtNjQ4NWIxNjYyNDgzXkEyXkFqcGc@._V1_QL75_UX90_CR0,0,90,133_.jpg","https://www.imdb.com/title/tt1049413/?ref_=chttp_i_106","#106","https://www.imdb.com/title/tt1049413/?ref_=chttp_t_106","Up","2009","1h 36m","PG","8.3","(1.2M)"
"https://m.media-amazon.com/images/M/MV5BM2YwNjZlZDktNTlmNS00ODQwLWJmNmUtYmE1NTBhYjc1YTY5XkEyXkFqcGc@._V1_QL75_UX90_CR0,1,90,133_.jpg","https://www.imdb.com/title/tt0036775/?ref_=chttp_i_107","#107","https://www.imdb.com/title/tt0036775/?ref_=chttp_t_107","Double Indemnity","1944","1h 47m","Approved","8.3","(181K)"
"https://m.media-amazon.com/images/M/MV5BZWIzODI2OGItMzM0Ny00OGRmLTlkNmItMDQxMTFmMTk3YmQwXkEyXkFqcGc@._V1_QL75_UX90_CR0,1,90,133_.jpg","https://www.imdb.com/title/tt0053125/?ref_=chttp_i_108","#108","https://www.imdb.com/title/tt0053125/?ref_=chttp_t_108","North by Northwest","1959","2h 16m","Approved","8.3","(369K)"
"https://m.media-amazon.com/images/M/MV5BNjVmMTlkNGYtYTM2OC00Yjc2LWIyYmQtMDY4ZmU1MWRlMjA3XkEyXkFqcGc@._V1_QL75_UY133_CR1,0,90,133_.jpg","https://www.imdb.com/title/tt0986264/?ref_=chttp_i_109","#109","https://www.imdb.com/title/tt0986264/?ref_=chttp_t_109","Like Stars on Earth","2007","2h 42m","PG","8.3","(231K)"
"https://m.media-amazon.com/images/M/MV5BYWUzNzZkNzUtNDdiYy00Nzk5LTgxMmItNTk0MjRjNjdjNDA0XkEyXkFqcGc@._V1_QL75_UX90_CR0,1,90,133_.jpg","https://www.imdb.com/title/tt0093058/?ref_=chttp_i_110","#110","https://www.imdb.com/title/tt0093058/?ref_=chttp_t_110","Full Metal Jacket","1987","1h 56m","R","8.2","(849K)"
"https://m.media-amazon.com/images/M/MV5BODA4ODk3OTEzMF5BMl5BanBnXkFtZTgwMTQ2ODMwMzE@._V1_QL75_UX90_CR0,1,90,133_.jpg","https://www.imdb.com/title/tt0022100/?ref_=chttp_i_111","#111","https://www.imdb.com/title/tt0022100/?ref_=chttp_t_111","M","1931","1h 39m","Passed","8.3","(182K)"
"https://m.media-amazon.com/images/M/MV5BOTNmYzY0MWQtZGZmNy00Y2Y4LWFmMDQtMTZjYTdiYzEwZGQ2XkEyXkFqcGc@._V1_QL75_UX90_CR0,1,90,133_.jpg","https://www.imdb.com/title/tt0211915/?ref_=chttp_i_112","#112","https://www.imdb.com/title/tt0211915/?ref_=chttp_t_112","Amélie","2001","2h 2m","R","8.3","(838K)"
"https://m.media-amazon.com/images/M/MV5BNzEyZTUxMWItMGVhYy00Y2NlLTljYTMtYzBmMzI1YmUyMDBkXkEyXkFqcGc@._V1_QL75_UX90_CR0,3,90,133_.jpg","https://www.imdb.com/title/tt0052357/?ref_=chttp_i_113","#113","https://www.imdb.com/title/tt0052357/?ref_=chttp_t_113","Vertigo","1958","2h 8m","PG","8.2","(458K)"
"https://m.media-amazon.com/images/M/MV5BYjk1ZDJlMmUtOWQ0Zi00MDM5LTk1OGYtODczNjFmMGYwZGVkXkEyXkFqcGc@._V1_QL75_UX90_CR0,1,90,133_.jpg","https://www.imdb.com/title/tt0033467/?ref_=chttp_i_114","#114","https://www.imdb.com/title/tt0033467/?ref_=chttp_t_114","Citizen Kane","1941","1h 59m","PG","8.2","(493K)"
"https://m.media-amazon.com/images/M/MV5BMDM0ZWRmMzctM2M5ZS00ZjU0LWIxN2MtNWNlNGY1ZDhjMDVhXkEyXkFqcGc@._V1_QL75_UX90_CR0,0,90,133_.jpg","https://www.imdb.com/title/tt1832382/?ref_=chttp_i_115","#115","https://www.imdb.com/title/tt1832382/?ref_=chttp_t_115","A Separation","2011","2h 3m","PG-13","8.3","(277K)"
"https://m.media-amazon.com/images/M/MV5BMGNlYmM1NmQtYWExMS00NmRjLTg5ZmEtMmYyYzJkMzljYWMxXkEyXkFqcGc@._V1_QL75_UX90_CR0,1,90,133_.jpg","https://www.imdb.com/title/tt0095016/?ref_=chttp_i_116","#116","https://www.imdb.com/title/tt0095016/?ref_=chttp_t_116","Die Hard","1988","2h 12m","R","8.2","(1M)"
"https://m.media-amazon.com/images/M/MV5BZTlkYWU4MGEtZmQyYi00OWEzLTgzY2EtYzVjOTEzYzAyNTk1XkEyXkFqcGc@._V1_QL75_UX90_CR0,2,90,133_.jpg","https://www.imdb.com/title/tt0056592/?ref_=chttp_i_117","#117","https://www.imdb.com/title/tt0056592/?ref_=chttp_t_117","To Kill a Mockingbird","1962","2h 9m","Approved","8.2","(351K)"
"https://m.media-amazon.com/images/M/MV5BNGIxNzQ0YzYtMjNmYi00YjBlLWFjNzEtNGE3ZGFmYTczM2MwXkEyXkFqcGc@._V1_QL75_UX90_CR0,0,90,133_.jpg","https://www.imdb.com/title/tt0097576/?ref_=chttp_i_118","#118","https://www.imdb.com/title/tt0097576/?ref_=chttp_t_118","Indiana Jones and the Last Crusade","1989","2h 7m","PG-13","8.2","(862K)"
"https://m.media-amazon.com/images/M/MV5BZGI4OTk4MDMtYmQ1Ni00YTUzLTkyYTktZGUwMjMyN2M4NjQ5XkEyXkFqcGc@._V1_QL75_UX90_CR0,2,90,133_.jpg","https://www.imdb.com/title/tt0070735/?ref_=chttp_i_119","#119","https://www.imdb.com/title/tt0070735/?ref_=chttp_t_119","The Sting","1973","2h 9m","PG","8.2","(300K)"
"https://m.media-amazon.com/images/M/MV5BMTY3MjM1Mzc4N15BMl5BanBnXkFtZTgwODM0NzAxMDE@._V1_QL75_UX90_CR0,0,90,133_.jpg","https://www.imdb.com/title/tt0066921/?ref_=chttp_i_120","#120","https://www.imdb.com/title/tt0066921/?ref_=chttp_t_120","A Clockwork Orange","1971","2h 16m","R","8.2","(935K)"
"https://m.media-amazon.com/images/M/MV5BMjhjMGYyMjAtMzJkYy00NzhlLWIwY2MtMWQ2ODIxZDUyOGYyXkEyXkFqcGc@._V1_QL75_UY133_CR0,0,90,133_.jpg","https://www.imdb.com/title/tt0017136/?ref_=chttp_i_121","#121","https://www.imdb.com/title/tt0017136/?ref_=chttp_t_121","Metropolis","1927","2h 33m","Passed","8.2","(201K)"
"https://m.media-amazon.com/images/M/MV5BYzkxZjg2NDQtMGVjMy00NWZkLTk0ZDEtZWE3NDYwYjAyMTg1XkEyXkFqcGc@._V1_QL75_UX90_CR0,5,90,133_.jpg","https://www.imdb.com/title/tt8579674/?ref_=chttp_i_122","#122","https://www.imdb.com/title/tt8579674/?ref_=chttp_t_122","1917","2019","1h 59m","R","8.2","(768K)"
"https://m.media-amazon.com/images/M/MV5BYzk5NjJkMTQtN2IyNC00YWM5LTlhZmMtNGI3MWNhMTU1YTc4XkEyXkFqcGc@._V1_QL75_UY133_CR1,0,90,133_.jpg","https://www.imdb.com/title/tt0208092/?ref_=chttp_i_123","#123","https://www.imdb.com/title/tt0208092/?ref_=chttp_t_123","Snatch","2000","1h 42m","R","8.2","(975K)"
"https://m.media-amazon.com/images/M/MV5BMjIxMjgxNTk0MF5BMl5BanBnXkFtZTgwNjIyOTg2MDE@._V1_QL75_UX90_CR0,0,90,133_.jpg","https://www.imdb.com/title/tt0993846/?ref_=chttp_i_124","#124","https://www.imdb.com/title/tt0993846/?ref_=chttp_t_124","The Wolf of Wall Street","2013","3h","R","8.2","(1.8M)"
"https://m.media-amazon.com/images/M/MV5BODdiMjY1OGYtNDk0NC00NGQ1LWI4MDItOTJhMTM0YjE1YTAzXkEyXkFqcGc@._V1_QL75_UY133_CR1,0,90,133_.jpg","https://www.imdb.com/title/tt0119488/?ref_=chttp_i_125","#125","https://www.imdb.com/title/tt0119488/?ref_=chttp_t_125","L.A. Confidential","1997","2h 18m","R","8.2","(658K)"
"https://m.media-amazon.com/images/M/MV5BMTU0NTU5NTAyMl5BMl5BanBnXkFtZTYwNzYwMDg2._V1_QL75_UY133_CR1,0,90,133_.jpg","https://www.imdb.com/title/tt0363163/?ref_=chttp_i_126","#126","https://www.imdb.com/title/tt0363163/?ref_=chttp_t_126","Downfall","2004","2h 36m","R","8.2","(400K)"
"https://m.media-amazon.com/images/M/MV5BMTQ4MzQzMzM2Nl5BMl5BanBnXkFtZTgwMTQ1NzU3MDI@._V1_QL75_UY133_CR3,0,90,133_.jpg","https://www.imdb.com/title/tt5074352/?ref_=chttp_i_127","#127","https://www.imdb.com/title/tt5074352/?ref_=chttp_t_127","Dangal","2016","2h 41m","Not Rated","8.3","(242K)"
"https://m.media-amazon.com/images/M/MV5BNzA3ZjZlNzYtMTdjMy00NjMzLTk5ZGYtMTkyYzNiOGM1YmM3XkEyXkFqcGc@._V1_QL75_UX90_CR0,0,90,133_.jpg","https://www.imdb.com/title/tt0120382/?ref_=chttp_i_128","#128","https://www.imdb.com/title/tt0120382/?ref_=chttp_t_128","The Truman Show","1998","1h 43m","PG","8.2","(1.4M)"
"https://m.media-amazon.com/images/M/MV5BMjIzMzAyMzg1Nl5BMl5BanBnXkFtZTgwMzMyNzk0MTE@._V1_QL75_UY133_CR1,0,90,133_.jpg","https://www.imdb.com/title/tt0040522/?ref_=chttp_i_129","#129","https://www.imdb.com/title/tt0040522/?ref_=chttp_t_129","Bicycle Thieves","1948","1h 29m","Not Rated","8.2","(192K)"
"https://m.media-amazon.com/images/M/MV5BNDU5YTNmMmItN2QxNy00OGQ0LTg5MTctNzFmYjEzZjcwN2UwXkEyXkFqcGc@._V1_QL75_UX90_CR0,1,90,133_.jpg","https://www.imdb.com/title/tt6966692/?ref_=chttp_i_130","#130","https://www.imdb.com/title/tt6966692/?ref_=chttp_t_130","Green Book","2018","2h 10m","PG-13","8.2","(681K)"
"https://m.media-amazon.com/images/M/MV5BN2JkMDc5MGQtZjg3YS00NmFiLWIyZmQtZTJmNTM5MjVmYTQ4XkEyXkFqcGc@._V1_QL75_UX90_CR0,0,90,133_.jpg","https://www.imdb.com/title/tt15398776/?ref_=chttp_i_131","#131","https://www.imdb.com/title/tt15398776/?ref_=chttp_t_131","Oppenheimer","2023","3h","R","8.2","(1M)"
"https://m.media-amazon.com/images/M/MV5BN2FjNWExYzEtY2YzOC00YjNlLTllMTQtNmIwM2Q1YzBhOWM1XkEyXkFqcGc@._V1_QL75_UX90_CR0,0,90,133_.jpg","https://www.imdb.com/title/tt1130884/?ref_=chttp_i_132","#132","https://www.imdb.com/title/tt1130884/?ref_=chttp_t_132","Shutter Island","2010","2h 18m","R","8.2","(1.6M)"
"https://m.media-amazon.com/images/M/MV5BNDc2ODQ5NTE2MV5BMl5BanBnXkFtZTcwODExMjUyNA@@._V1_QL75_UX90_CR0,1,90,133_.jpg","https://www.imdb.com/title/tt0055031/?ref_=chttp_i_133","#133","https://www.imdb.com/title/tt0055031/?ref_=chttp_t_133","Judgment at Nuremberg","1961","2h 59m","Approved","8.3","(97K)"
"https://m.media-amazon.com/images/M/MV5BMzA2NDQzZDEtNDU5Ni00YTlkLTg2OWEtYmQwM2Y1YTBjMjFjXkEyXkFqcGc@._V1_QL75_UX90_CR0,0,90,133_.jpg","https://www.imdb.com/title/tt0372784/?ref_=chttp_i_134","#134","https://www.imdb.com/title/tt0372784/?ref_=chttp_t_134","Batman Begins","2005","2h 20m","PG-13","8.2","(1.7M)"
"https://m.media-amazon.com/images/M/MV5BYTc3MWIyMzAtMTZmNC00YmNjLWIyZTgtMmU4NjZkYzZkOThkXkEyXkFqcGc@._V1_QL75_UX90_CR0,0,90,133_.jpg","https://www.imdb.com/title/tt8503618/?ref_=chttp_i_135","#135","https://www.imdb.com/title/tt8503618/?ref_=chttp_t_135","Hamilton","2020","2h 40m","PG-13","8.3","(138K)"
"https://m.media-amazon.com/images/M/MV5BNTRmOTcyYmYtMTIwNi00ZGYyLTk4YjYtZGJlZTgwZGY0NGQyXkEyXkFqcGc@._V1_QL75_UX90_CR0,2,90,133_.jpg","https://www.imdb.com/title/tt0059578/?ref_=chttp_i_136","#136","https://www.imdb.com/title/tt0059578/?ref_=chttp_t_136","For a Few Dollars More","1965","2h 12m","R","8.2","(299K)"
"https://m.media-amazon.com/images/M/MV5BMjM2MDgxMDg0Nl5BMl5BanBnXkFtZTgwNTM2OTM5NDE@._V1_QL75_UX90_CR0,1,90,133_.jpg","https://www.imdb.com/title/tt0107290/?ref_=chttp_i_137","#137","https://www.imdb.com/title/tt0107290/?ref_=chttp_t_137","Jurassic Park","1993","2h 7m","PG-13","8.2","(1.2M)"
"https://m.media-amazon.com/images/M/MV5BZDNhMGYwM2UtMTdlZS00MGQ1LWI2YzAtODY5YWI1MjYyNzRmXkEyXkFqcGc@._V1_QL75_UX90_CR0,2,90,133_.jpg","https://www.imdb.com/title/tt0075314/?ref_=chttp_i_138","#138","https://www.imdb.com/title/tt0075314/?ref_=chttp_t_138","Taxi Driver","1976","1h 54m","R","8.2","(1M)"
"https://m.media-amazon.com/images/M/MV5BNWQxYTMyZTktZDg5Yi00Y2YwLWI4YzQtMjkyYmYxNmFjYThmXkEyXkFqcGc@._V1_QL75_UX90_CR0,0,90,133_.jpg","https://www.imdb.com/title/tt31514146/?ref_=chttp_i_139","#139","https://www.imdb.com/title/tt31514146/?ref_=chttp_t_139","I Swear","Releases Apr 24, 2026","2h","R","8.4","(34K)"
"https://m.media-amazon.com/images/M/MV5BZTllZDYyNjEtY2RmMS00NmJhLWI4ODAtMTQ0NWFiZTJhZjA0XkEyXkFqcGc@._V1_QL75_UX90_CR0,3,90,133_.jpg","https://www.imdb.com/title/tt0053291/?ref_=chttp_i_140","#140","https://www.imdb.com/title/tt0053291/?ref_=chttp_t_140","Some Like It Hot","1959","2h 1m","Approved","8.2","(304K)"
"https://m.media-amazon.com/images/M/MV5BMjAxODQ4MDU5NV5BMl5BanBnXkFtZTcwMDU4MjU1MQ@@._V1_QL75_UX90_CR0,0,90,133_.jpg","https://www.imdb.com/title/tt0469494/?ref_=chttp_i_141","#141","https://www.imdb.com/title/tt0469494/?ref_=chttp_t_141","There Will Be Blood","2007","2h 38m","R","8.2","(706K)"
"https://m.media-amazon.com/images/M/MV5BYzUxMDAyMDAtNzIyZi00OGQ1LTllMjEtYzRjOThkZTUxNTliXkEyXkFqcGc@._V1_QL75_UX90_CR0,0,90,133_.jpg","https://www.imdb.com/title/tt10272386/?ref_=chttp_i_142","#142","https://www.imdb.com/title/tt10272386/?ref_=chttp_t_142","The Father","2020","1h 37m","PG-13","8.2","(243K)"
"https://m.media-amazon.com/images/M/MV5BNjkxMzY1NTQtN2YwOS00NmIwLTlkNTMtMjNkMzk1ZTk3ZDU2XkEyXkFqcGc@._V1_QL75_UX90_CR0,1,90,133_.jpg","https://www.imdb.com/title/tt0012349/?ref_=chttp_i_143","#143","https://www.imdb.com/title/tt0012349/?ref_=chttp_t_143","The Kid","1921","1h 8m","Passed","8.2","(145K)"
"https://m.media-amazon.com/images/M/MV5BMTY2MTAzODI5NV5BMl5BanBnXkFtZTgwMjM4NzQ0MjE@._V1_QL75_UX90_CR0,1,90,133_.jpg","https://www.imdb.com/title/tt0042192/?ref_=chttp_i_144","#144","https://www.imdb.com/title/tt0042192/?ref_=chttp_t_144","All About Eve","1950","2h 18m","Approved","8.2","(149K)"
"https://m.media-amazon.com/images/M/MV5BZWQ2OTY0M2UtMTQxNC00MmIzLTllNDQtNDQ0MTQyYzI2M2ZiXkEyXkFqcGc@._V1_QL75_UY133_CR0,0,90,133_.jpg","https://www.imdb.com/title/tt0167404/?ref_=chttp_i_145","#145","https://www.imdb.com/title/tt0167404/?ref_=chttp_t_145","The Sixth Sense","1999","1h 47m","PG-13","8.2","(1.1M)"
"https://m.media-amazon.com/images/M/MV5BZDk2NDY5YjktMjEyMC00OTJhLTkzM2EtY2Q4Y2RjYzc2Yjk4XkEyXkFqcGc@._V1_QL75_UX90_CR0,2,90,133_.jpg","https://www.imdb.com/title/tt0089881/?ref_=chttp_i_146","#146","https://www.imdb.com/title/tt0089881/?ref_=chttp_t_146","Ran","1985","2h 40m","R","8.2","(151K)"
"https://m.media-amazon.com/images/M/MV5BMDRlZWZjZjYtYzY2NS00ZWVjLTkwYzAtZTA2ZDAzMGRiYmYwXkEyXkFqcGc@._V1_QL75_UX90_CR0,1,90,133_.jpg","https://www.imdb.com/title/tt0112641/?ref_=chttp_i_147","#147","https://www.imdb.com/title/tt0112641/?ref_=chttp_t_147","Casino","1995","2h 58m","R","8.2","(617K)"
"https://m.media-amazon.com/images/M/MV5BMjA5Njk3MjM4OV5BMl5BanBnXkFtZTcwMTc5MTE1MQ@@._V1_QL75_UY133_CR0,0,90,133_.jpg","https://www.imdb.com/title/tt0477348/?ref_=chttp_i_148","#148","https://www.imdb.com/title/tt0477348/?ref_=chttp_t_148","No Country for Old Men","2007","2h 2m","R","8.2","(1.2M)"
"https://m.media-amazon.com/images/M/MV5BYTA3NDU5MWEtNTk4Yy00ZDNkLThmZTQtMjU3ZGVhYzAyMzU4XkEyXkFqcGc@._V1_QL75_UX90_CR0,1,90,133_.jpg","https://www.imdb.com/title/tt0084787/?ref_=chttp_i_149","#149","https://www.imdb.com/title/tt0084787/?ref_=chttp_t_149","The Thing","1982","1h 49m","R","8.2","(524K)"
"https://m.media-amazon.com/images/M/MV5BMTg0NTIzMjQ1NV5BMl5BanBnXkFtZTcwNDc3MzM5OQ@@._V1_QL75_UY133_CR0,0,90,133_.jpg","https://www.imdb.com/title/tt1392214/?ref_=chttp_i_150","#150","https://www.imdb.com/title/tt1392214/?ref_=chttp_t_150","Prisoners","2013","2h 33m","R","8.2","(930K)"
"https://m.media-amazon.com/images/M/MV5BMDBkZDNjMWEtOTdmMi00NmExLTg5MmMtNTFlYTJlNWY5YTdmXkEyXkFqcGc@._V1_QL75_UX90_CR0,0,90,133_.jpg","https://www.imdb.com/title/tt1745960/?ref_=chttp_i_151","#151","https://www.imdb.com/title/tt1745960/?ref_=chttp_t_151","Top Gun: Maverick","2022","2h 10m","PG-13","8.2","(854K)"
"https://m.media-amazon.com/images/M/MV5BZmMyYzJlZmYtY2I3NC00NjAyLTkyZWItZjdjZDI1YTYyYTEwXkEyXkFqcGc@._V1_QL75_UX90_CR0,1,90,133_.jpg","https://www.imdb.com/title/tt0266697/?ref_=chttp_i_152","#152","https://www.imdb.com/title/tt0266697/?ref_=chttp_t_152","Kill Bill: Vol. 1","2003","1h 51m","R","8.2","(1.3M)"
"https://m.media-amazon.com/images/M/MV5BOTc1NTAxMWItMWFlNy00MmU2LTkwMTMtNzMwOTg5OTQ5YTFiXkEyXkFqcGc@._V1_QL75_UX90_CR0,0,90,133_.jpg","https://www.imdb.com/title/tt0457430/?ref_=chttp_i_153","#153","https://www.imdb.com/title/tt0457430/?ref_=chttp_t_153","Pan's Labyrinth","2006","1h 58m","R","8.2","(745K)"
"https://m.media-amazon.com/images/M/MV5BNmZmMzM3YWMtZjg5Yi00M2MxLTg3ZGItNGU4YjQxNDAxM2Q4XkEyXkFqcGc@._V1_QL75_UX90_CR0,1,90,133_.jpg","https://www.imdb.com/title/tt0105695/?ref_=chttp_i_154","#154","https://www.imdb.com/title/tt0105695/?ref_=chttp_t_154","Unforgiven","1992","2h 10m","R","8.2","(468K)"
"https://m.media-amazon.com/images/M/MV5BNzVjOWEwYjEtNDJhOC00YjUyLThjMWItMDQwZGY1ODM4YzI3XkEyXkFqcGc@._V1_QL75_UY133_CR2,0,90,133_.jpg","https://www.imdb.com/title/tt33175825/?ref_=chttp_i_155","#155","https://www.imdb.com/title/tt33175825/?ref_=chttp_t_155","Attack on Titan: The Last Attack","2024","2h 25m","","9.2","(26K)"
"https://m.media-amazon.com/images/M/MV5BYjgzNjFkMmItOGJhNi00NWM3LWJlYTUtNDExMGQ3ZTI3NjJkXkEyXkFqcGc@._V1_QL75_UX90_CR0,0,90,133_.jpg","https://www.imdb.com/title/tt0268978/?ref_=chttp_i_156","#156","https://www.imdb.com/title/tt0268978/?ref_=chttp_t_156","A Beautiful Mind","2001","2h 15m","PG-13","8.2","(1.1M)"
"https://m.media-amazon.com/images/M/MV5BOWM1YjFmODEtMWNhMC00YmI1LWI0Y2EtYzg0YTBhZWI4ODE3XkEyXkFqcGc@._V1_QL75_UX90_CR0,1,90,133_.jpg","https://www.imdb.com/title/tt0040897/?ref_=chttp_i_157","#157","https://www.imdb.com/title/tt0040897/?ref_=chttp_t_157","The Treasure of the Sierra Madre","1948","2h 6m","Approved","8.2","(141K)"
"https://m.media-amazon.com/images/M/MV5BMTY1OTg0MjE3MV5BMl5BanBnXkFtZTcwNTUxMTkyMQ@@._V1_QL75_UX90_CR0,0,90,133_.jpg","https://www.imdb.com/title/tt0347149/?ref_=chttp_i_158","#158","https://www.imdb.com/title/tt0347149/?ref_=chttp_t_158","Howl's Moving Castle","2004","1h 59m","PG","8.2","(510K)"
"https://m.media-amazon.com/images/M/MV5BMTc5NjExNTA5OV5BMl5BanBnXkFtZTYwMTQ0ODY2._V1_QL75_UX90_CR0,0,90,133_.jpg","https://www.imdb.com/title/tt0266543/?ref_=chttp_i_159","#159","https://www.imdb.com/title/tt0266543/?ref_=chttp_t_159","Finding Nemo","2003","1h 40m","G","8.2","(1.2M)"
"https://m.media-amazon.com/images/M/MV5BZDA4ODhlMzctNGRmYi00NmViLTkxZGYtZjRkNGQ5YzYwYWVlXkEyXkFqcGc@._V1_QL75_UX90_CR0,0,90,133_.jpg","https://www.imdb.com/title/tt4729430/?ref_=chttp_i_160","#160","https://www.imdb.com/title/tt4729430/?ref_=chttp_t_160","Klaus","2019","1h 36m","PG","8.2","(235K)"
"https://m.media-amazon.com/images/M/MV5BYzFkODA1N2QtY2UyMC00NTMwLWEyNzctMmE3YjIzNzE1MzY4XkEyXkFqcGc@._V1_QL75_UX90_CR0,1,90,133_.jpg","https://www.imdb.com/title/tt0055630/?ref_=chttp_i_161","#161","https://www.imdb.com/title/tt0055630/?ref_=chttp_t_161","Yojimbo","1961","1h 50m","Not Rated","8.2","(143K)"
"https://m.media-amazon.com/images/M/MV5BMDRhNmJjMzEtMWU5MC00YmEyLTg3ZmYtNzYxZTI1ZGU4ZjI1XkEyXkFqcGc@._V1_QL75_UX90_CR0,4,90,133_.jpg","https://www.imdb.com/title/tt0057115/?ref_=chttp_i_162","#162","https://www.imdb.com/title/tt0057115/?ref_=chttp_t_162","The Great Escape","1963","2h 52m","Approved","8.2","(277K)"
"https://m.media-amazon.com/images/M/MV5BMGE3MDZhNmMtMmUxZS00MDJmLTgxYmQtOGU4ODU0Y2JmNDI1XkEyXkFqcGc@._V1_QL75_UX90_CR0,0,90,133_.jpg","https://www.imdb.com/title/tt0080678/?ref_=chttp_i_163","#163","https://www.imdb.com/title/tt0080678/?ref_=chttp_t_163","The Elephant Man","1980","2h 4m","PG","8.2","(282K)"
"https://m.media-amazon.com/images/M/MV5BYWY4YmUzZmUtMzQ0ZS00N2Y2LWJlODQtN2IwMDc1MWQwMmU3XkEyXkFqcGc@._V1_QL75_UX90_CR0,1,90,133_.jpg","https://www.imdb.com/title/tt0071853/?ref_=chttp_i_164","#164","https://www.imdb.com/title/tt0071853/?ref_=chttp_t_164","Monty Python and the Holy Grail","1975","1h 31m","PG","8.2","(602K)"
"https://m.media-amazon.com/images/M/MV5BZmYzNDgzYjgtNmU3Ny00YzUxLWE3OWUtMjIxZmNkYTVhNDZmXkEyXkFqcGc@._V1_QL75_UY133_CR4,0,90,133_.jpg","https://www.imdb.com/title/tt0046912/?ref_=chttp_i_165","#165","https://www.imdb.com/title/tt0046912/?ref_=chttp_t_165","Dial M for Murder","1954","1h 45m","PG","8.1","(204K)"
"https://m.media-amazon.com/images/M/MV5BOGQ3YWUzYjEtMTJiYy00ZjQ0LWI0YjktYjhiNGVhNGExYTM3XkEyXkFqcGc@._V1_QL75_UX90_CR0,1,90,133_.jpg","https://www.imdb.com/title/tt32820897/?ref_=chttp_i_166","#166","https://www.imdb.com/title/tt32820897/?ref_=chttp_t_166","Demon Slayer: Kimetsu No Yaiba Infinity Castle","2025","2h 35m","R","8.4","(69K)"
"https://m.media-amazon.com/images/M/MV5BYzcxMTE2YjUtMzIyMy00NDNjLWE3ZWYtODQzYmNhNDVhNDZmXkEyXkFqcGc@._V1_QL75_UY133_CR2,0,90,133_.jpg","https://www.imdb.com/title/tt0346336/?ref_=chttp_i_167","#167","https://www.imdb.com/title/tt0346336/?ref_=chttp_t_167","The Best of Youth","2003","6h 14m","R","8.4","(28K)"
"https://m.media-amazon.com/images/M/MV5BMTgwNTI3OTczOV5BMl5BanBnXkFtZTcwMTM3MTUyMw@@._V1_QL75_UY133_CR0,0,90,133_.jpg","https://www.imdb.com/title/tt1305806/?ref_=chttp_i_168","#168","https://www.imdb.com/title/tt1305806/?ref_=chttp_t_168","The Secret in Their Eyes","2009","2h 9m","R","8.2","(242K)"
"https://m.media-amazon.com/images/M/MV5BYmYxZTE3YzMtYmE2Yy00NmFlLTkzYTAtYTAzN2IzNDFkN2E0XkEyXkFqcGc@._V1_QL75_UX90_CR0,2,90,133_.jpg","https://www.imdb.com/title/tt0031381/?ref_=chttp_i_169","#169","https://www.imdb.com/title/tt0031381/?ref_=chttp_t_169","Gone with the Wind","1939","3h 58m","G","8.2","(356K)"
"https://m.media-amazon.com/images/M/MV5BMmY1M2M5ZmMtYzllZC00YzAxLTk4MjktZDJkNjA1MTUwMGQ4XkEyXkFqcGc@._V1_QL75_UX90_CR0,1,90,133_.jpg","https://www.imdb.com/title/tt0120735/?ref_=chttp_i_170","#170","https://www.imdb.com/title/tt0120735/?ref_=chttp_t_170","Lock, Stock and Two Smoking Barrels","1998","1h 47m","R","8.1","(649K)"
"https://m.media-amazon.com/images/M/MV5BNmRmZTE0NmUtZjhiZi00MzQ3LTk3ZjctN2Q3ODYzY2U3MDk3XkEyXkFqcGc@._V1_QL75_UX90_CR0,2,90,133_.jpg","https://www.imdb.com/title/tt0071315/?ref_=chttp_i_171","#171","https://www.imdb.com/title/tt0071315/?ref_=chttp_t_171","Chinatown","1974","2h 10m","R","8.1","(376K)"
"https://m.media-amazon.com/images/M/MV5BOTI5ODc3NzExNV5BMl5BanBnXkFtZTcwNzYxNzQzMw@@._V1_QL75_UX90_CR0,0,90,133_.jpg","https://www.imdb.com/title/tt0434409/?ref_=chttp_i_172","#172","https://www.imdb.com/title/tt0434409/?ref_=chttp_t_172","V for Vendetta","2005","2h 12m","R","8.1","(1.2M)"
"https://m.media-amazon.com/images/M/MV5BMTY5MzYzNjc5NV5BMl5BanBnXkFtZTYwNTUyNTc2._V1_QL75_UX90_CR0,0,90,133_.jpg","https://www.imdb.com/title/tt0264464/?ref_=chttp_i_173","#173","https://www.imdb.com/title/tt0264464/?ref_=chttp_t_173","Catch Me If You Can","2002","2h 21m","PG-13","8.1","(1.2M)"
"https://m.media-amazon.com/images/M/MV5BOTgxMDQwMDk0OF5BMl5BanBnXkFtZTgwNjU5OTg2NDE@._V1_QL75_UX90_CR0,0,90,133_.jpg","https://www.imdb.com/title/tt2096673/?ref_=chttp_i_174","#174","https://www.imdb.com/title/tt2096673/?ref_=chttp_t_174","Inside Out","2015","1h 35m","PG","8.1","(911K)"
"https://m.media-amazon.com/images/M/MV5BZDlkYjViMDAtYjkxNy00ZDk1LWE5MmUtNDc4NDU3ZWJmOTYzXkEyXkFqcGc@._V1_QL75_UX90_CR0,1,90,133_.jpg","https://www.imdb.com/title/tt0042876/?ref_=chttp_i_175","#175","https://www.imdb.com/title/tt0042876/?ref_=chttp_t_175","Rashomon","1950","1h 28m","Not Rated","8.1","(196K)"
"https://m.media-amazon.com/images/M/MV5BMjI0ODcxNzM1N15BMl5BanBnXkFtZTgwMzIwMTEwNDI@._V1_QL75_UX90_CR0,0,90,133_.jpg","https://www.imdb.com/title/tt5027774/?ref_=chttp_i_176","#176","https://www.imdb.com/title/tt5027774/?ref_=chttp_t_176","Three Billboards Outside Ebbing, Missouri","2017","1h 55m","R","8.1","(605K)"
"https://m.media-amazon.com/images/M/MV5BYmVkNGJkMzQtYWQwOS00OTZmLThjODQtZjNjNzllYzRiNTE0XkEyXkFqcGc@._V1_QL75_UX90_CR0,0,90,133_.jpg","https://www.imdb.com/title/tt0117951/?ref_=chttp_i_177","#177","https://www.imdb.com/title/tt0117951/?ref_=chttp_t_177","Trainspotting","1996","1h 33m","R","8.1","(768K)"
"https://m.media-amazon.com/images/M/MV5BNzdkYmU2YmItNmZiYy00OWQyLTg0YWYtZmUxM2U3YTRiNTQ1XkEyXkFqcGc@._V1_QL75_UX90_CR0,3,90,133_.jpg","https://www.imdb.com/title/tt0050212/?ref_=chttp_i_178","#178","https://www.imdb.com/title/tt0050212/?ref_=chttp_t_178","The Bridge on the River Kwai","1957","2h 41m","PG","8.1","(248K)"
"https://m.media-amazon.com/images/M/MV5BOTA1Mzc2N2ItZWRiNS00MjQzLTlmZDQtMjU0NmY1YWRkMGQ4XkEyXkFqcGc@._V1_QL75_UX90_CR0,1,90,133_.jpg","https://www.imdb.com/title/tt1201607/?ref_=chttp_i_179","#179","https://www.imdb.com/title/tt1201607/?ref_=chttp_t_179","Harry Potter and the Deathly Hallows: Part 2","2011","2h 10m","PG-13","8.1","(1M)"
"https://m.media-amazon.com/images/M/MV5BMDYwNGVlY2ItMWYxMS00YjZiLWE5MTAtYWM5NWQ2ZWJjY2Q3XkEyXkFqcGc@._V1_QL75_UY133_CR0,0,90,133_.jpg","https://www.imdb.com/title/tt0097165/?ref_=chttp_i_180","#180","https://www.imdb.com/title/tt0097165/?ref_=chttp_t_180","Dead Poets Society","1989","2h 8m","PG","8.1","(648K)"
"https://m.media-amazon.com/images/M/MV5BZWNiZjVlZTUtNGUwYi00MjJmLTg2MDctNWEzYTJiMzY1ODc4XkEyXkFqcGc@._V1_QL75_UX90_CR0,4,90,133_.jpg","https://www.imdb.com/title/tt29623480/?ref_=chttp_i_181","#181","https://www.imdb.com/title/tt29623480/?ref_=chttp_t_181","The Wild Robot","2024","1h 42m","PG","8.2","(220K)"
"https://m.media-amazon.com/images/M/MV5BMTk4ODk5MTMyNV5BMl5BanBnXkFtZTcwMDMyNTg0Ng@@._V1_QL75_UX90_CR0,3,90,133_.jpg","https://www.imdb.com/title/tt1291584/?ref_=chttp_i_182","#182","https://www.imdb.com/title/tt1291584/?ref_=chttp_t_182","Warrior","2011","2h 20m","PG-13","8.1","(528K)"
"https://m.media-amazon.com/images/M/MV5BNmM2MGQ5Y2UtYzA3ZC00ZDJlLTkwNDYtMjBmZGExZDJiN2RlXkEyXkFqcGc@._V1_QL75_UX90_CR0,2,90,133_.jpg","https://www.imdb.com/title/tt0072684/?ref_=chttp_i_183","#183","https://www.imdb.com/title/tt0072684/?ref_=chttp_t_183","Barry Lyndon","1975","3h 5m","PG","8.1","(204K)"
"https://m.media-amazon.com/images/M/MV5BNjg2M2E1YzYtOThmMC00NjAyLWI5MzgtMDEwOGFiODdlOGUzXkEyXkFqcGc@._V1_QL75_UX90_CR0,2,90,133_.jpg","https://www.imdb.com/title/tt0052618/?ref_=chttp_i_184","#184","https://www.imdb.com/title/tt0052618/?ref_=chttp_t_184","Ben-Hur","1959","3h 32m","G","8.1","(271K)"
"https://m.media-amazon.com/images/M/MV5BNjg4MWE0MjEtODFhNy00MjA5LTg5ODktMzgwNWFmZTAwNjBlXkEyXkFqcGc@._V1_QL75_UY133_CR0,0,90,133_.jpg","https://www.imdb.com/title/tt0116282/?ref_=chttp_i_185","#185","https://www.imdb.com/title/tt0116282/?ref_=chttp_t_185","Fargo","1996","1h 38m","R","8.1","(786K)"
"https://m.media-amazon.com/images/M/MV5BMTkxNzA1NDQxOV5BMl5BanBnXkFtZTcwNTkyMTIzMw@@._V1_QL75_UY133_CR0,0,90,133_.jpg","https://www.imdb.com/title/tt0405159/?ref_=chttp_i_186","#186","https://www.imdb.com/title/tt0405159/?ref_=chttp_t_186","Million Dollar Baby","2004","2h 12m","PG-13","8.1","(764K)"
"https://m.media-amazon.com/images/M/MV5BMjlkYmYyZWQtNTZkOS00ZjA0LWEwNWUtNzE2ZGNiYjg0MjA2XkEyXkFqcGc@._V1_QL75_UY133_CR0,0,90,133_.jpg","https://www.imdb.com/title/tt0081398/?ref_=chttp_i_187","#187","https://www.imdb.com/title/tt0081398/?ref_=chttp_t_187","Raging Bull","1980","2h 9m","R","8.1","(410K)"
"https://m.media-amazon.com/images/M/MV5BZDRkODJhOTgtOTc1OC00NTgzLTk4NjItNDgxZDY4YjlmNDY2XkEyXkFqcGc@._V1_QL75_UX90_CR0,0,90,133_.jpg","https://www.imdb.com/title/tt1392190/?ref_=chttp_i_188","#188","https://www.imdb.com/title/tt1392190/?ref_=chttp_t_188","Mad Max: Fury Road","2015","2h","R","8.1","(1.2M)"
"https://m.media-amazon.com/images/M/MV5BMjQ1NjM3MTUxNV5BMl5BanBnXkFtZTgwMDc5MTY5OTE@._V1_QL75_UX90_CR0,3,90,133_.jpg","https://www.imdb.com/title/tt2119532/?ref_=chttp_i_189","#189","https://www.imdb.com/title/tt2119532/?ref_=chttp_t_189","Hacksaw Ridge","2016","2h 19m","R","8.1","(678K)"
"https://m.media-amazon.com/images/M/MV5BZWZlMjNhNzgtZGRhOS00Y2U5LThjOTctODNjZTI0ZTBiYzBhXkEyXkFqcGc@._V1_QL75_UX90_CR0,2,90,133_.jpg","https://www.imdb.com/title/tt0118849/?ref_=chttp_i_190","#190","https://www.imdb.com/title/tt0118849/?ref_=chttp_t_190","Children of Heaven","1997","1h 29m","PG","8.2","(90K)"
"https://m.media-amazon.com/images/M/MV5BYWM3MDE3YjEtMzIzZC00ODE5LTgxNTItNmUyMTBkM2M2NmNiXkEyXkFqcGc@._V1_QL75_UX90_CR0,0,90,133_.jpg","https://www.imdb.com/title/tt0096283/?ref_=chttp_i_191","#191","https://www.imdb.com/title/tt0096283/?ref_=chttp_t_191","My Neighbor Totoro","1988","1h 26m","G","8.1","(429K)"
"https://m.media-amazon.com/images/M/MV5BMTc5NTk2OTU1Nl5BMl5BanBnXkFtZTcwMDc3NjAwMg@@._V1_QL75_UY133_CR0,0,90,133_.jpg","https://www.imdb.com/title/tt1205489/?ref_=chttp_i_192","#192","https://www.imdb.com/title/tt1205489/?ref_=chttp_t_192","Gran Torino","2008","1h 56m","R","8.1","(860K)"
"https://m.media-amazon.com/images/M/MV5BMTMzODU0NTkxMF5BMl5BanBnXkFtZTcwMjQ4MzMzMw@@._V1_QL75_UX90_CR0,0,90,133_.jpg","https://www.imdb.com/title/tt0382932/?ref_=chttp_i_193","#193","https://www.imdb.com/title/tt0382932/?ref_=chttp_t_193","Ratatouille","2007","1h 51m","G","8.1","(939K)"
"https://m.media-amazon.com/images/M/MV5BMjExMTEzODkyN15BMl5BanBnXkFtZTcwNTU4NTc4OQ@@._V1_QL75_UX90_CR0,0,90,133_.jpg","https://www.imdb.com/title/tt2024544/?ref_=chttp_i_194","#194","https://www.imdb.com/title/tt2024544/?ref_=chttp_t_194","12 Years a Slave","2013","2h 14m","R","8.1","(785K)"
"https://m.media-amazon.com/images/M/MV5BMzM5NjUxOTEyMl5BMl5BanBnXkFtZTgwNjEyMDM0MDE@._V1_QL75_UX90_CR0,0,90,133_.jpg","https://www.imdb.com/title/tt2278388/?ref_=chttp_i_195","#195","https://www.imdb.com/title/tt2278388/?ref_=chttp_t_195","The Grand Budapest Hotel","2014","1h 39m","R","8.1","(967K)"
"https://m.media-amazon.com/images/M/MV5BZmY3MjVhMmQtOTcwYy00ZjcyLWFiZDgtN2JiODVjNjQzYWQyXkEyXkFqcGc@._V1_QL75_UX90_CR0,1,90,133_.jpg","https://www.imdb.com/title/tt0252488/?ref_=chttp_i_196","#196","https://www.imdb.com/title/tt0252488/?ref_=chttp_t_196","The Chaos Class Failed the Class","1975","1h 35m","","8.4","(30K)"
"https://m.media-amazon.com/images/M/MV5BZDZhZmI1ZTUtYWI3NC00NTMwLTk3NWMtNDc0OGNjM2I0ZjlmXkEyXkFqcGc@._V1_QL75_UX90_CR0,0,90,133_.jpg","https://www.imdb.com/title/tt0112471/?ref_=chttp_i_197","#197","https://www.imdb.com/title/tt0112471/?ref_=chttp_t_197","Before Sunrise","1995","1h 41m","R","8.1","(376K)"
"https://m.media-amazon.com/images/M/MV5BYmRjOWE5NmMtYTdkYS00ODFlLWJiMTMtYzE2NDZlZjlkZDQ0XkEyXkFqcGc@._V1_QL75_UX90_CR0,0,90,133_.jpg","https://www.imdb.com/title/tt0353969/?ref_=chttp_i_198","#198","https://www.imdb.com/title/tt0353969/?ref_=chttp_t_198","Memories of Murder","2003","2h 11m","Not Rated","8.1","(265K)"
"https://m.media-amazon.com/images/M/MV5BMjA5NDQyMjc2NF5BMl5BanBnXkFtZTcwMjg5ODcyMw@@._V1_QL75_UX90_CR0,0,90,133_.jpg","https://www.imdb.com/title/tt0892769/?ref_=chttp_i_199","#199","https://www.imdb.com/title/tt0892769/?ref_=chttp_t_199","How to Train Your Dragon","2010","1h 38m","PG","8.1","(891K)"
"https://m.media-amazon.com/images/M/MV5BOWQ4YTBmNTQtMDYxMC00NGFjLTkwOGQtNzdhNmY1Nzc1MzUxXkEyXkFqcGc@._V1_QL75_UX90_CR0,0,90,133_.jpg","https://www.imdb.com/title/tt0083658/?ref_=chttp_i_200","#200","https://www.imdb.com/title/tt0083658/?ref_=chttp_t_200","Blade Runner","1982","1h 57m","R","8.1","(880K)"
"https://m.media-amazon.com/images/M/MV5BMTk0MDQ3MzAzOV5BMl5BanBnXkFtZTgwNzU1NzE3MjE@._V1_QL75_UY133_CR0,0,90,133_.jpg","https://www.imdb.com/title/tt2267998/?ref_=chttp_i_201","#201","https://www.imdb.com/title/tt2267998/?ref_=chttp_t_201","Gone Girl","2014","2h 29m","R","8.1","(1.2M)"
"https://m.media-amazon.com/images/M/MV5BMmFiZGZjMmEtMTA0Ni00MzA2LTljMTYtZGI2MGJmZWYzZTQ2XkEyXkFqcGc@._V1_QL75_UX90_CR0,1,90,133_.jpg","https://www.imdb.com/title/tt10872600/?ref_=chttp_i_202","#202","https://www.imdb.com/title/tt10872600/?ref_=chttp_t_202","Spider-Man: No Way Home","2021","2h 28m","PG-13","8.1","(1M)"
"https://m.media-amazon.com/images/M/MV5BMTY1NTI0ODUyOF5BMl5BanBnXkFtZTgwNTEyNjQ0MDE@._V1_QL75_UX90_CR0,0,90,133_.jpg","https://www.imdb.com/title/tt0198781/?ref_=chttp_i_203","#203","https://www.imdb.com/title/tt0198781/?ref_=chttp_t_203","Monsters, Inc.","2001","1h 32m","G","8.1","(1.1M)"
"https://m.media-amazon.com/images/M/MV5BYjViNDQzNmUtYzkxZi00NTk5LTljMmItYjJlZmZkODIxNjU1XkEyXkFqcGc@._V1_QL75_UX90_CR0,2,90,133_.jpg","https://www.imdb.com/title/tt0073195/?ref_=chttp_i_204","#204","https://www.imdb.com/title/tt0073195/?ref_=chttp_t_204","Jaws","1975","2h 4m","PG","8.1","(735K)"
"https://m.media-amazon.com/images/M/MV5BOTBjNTEyNjYtYjdkNi00YzE5LTljYzUtZjVlYmYwZmJmZWYxXkEyXkFqcGc@._V1_QL75_UX90_CR0,0,90,133_.jpg","https://www.imdb.com/title/tt1950186/?ref_=chttp_i_205","#205","https://www.imdb.com/title/tt1950186/?ref_=chttp_t_205","Ford v Ferrari","2019","2h 32m","PG-13","8.1","(568K)"
"https://m.media-amazon.com/images/M/MV5BMGZiZDVjNzYtZWM4ZC00MzVkLThhNDEtMDJlOTBhYzVjMmNhXkEyXkFqcGc@._V1_QL75_UX90_CR0,0,90,133_.jpg","https://www.imdb.com/title/tt0107207/?ref_=chttp_i_206","#206","https://www.imdb.com/title/tt0107207/?ref_=chttp_t_206","In the Name of the Father","1993","2h 13m","R","8.1","(202K)"
"https://m.media-amazon.com/images/M/MV5BNzAzMjA1ODAxOV5BMl5BanBnXkFtZTgwODg4NTQzNDE@._V1_QL75_UX90_CR0,0,90,133_.jpg","https://www.imdb.com/title/tt3011894/?ref_=chttp_i_207","#207","https://www.imdb.com/title/tt3011894/?ref_=chttp_t_207","Wild Tales","2014","2h 2m","R","8.1","(237K)"
"https://m.media-amazon.com/images/M/MV5BOTE1MWFkOWQtOWM1NC00ZjA4LTk5NmUtZTFjZDFjMzEwYTQzXkEyXkFqcGc@._V1_QL75_UY133_CR4,0,90,133_.jpg","https://www.imdb.com/title/tt0015864/?ref_=chttp_i_208","#208","https://www.imdb.com/title/tt0015864/?ref_=chttp_t_208","The Gold Rush","1925","1h 35m","Approved","8.1","(128K)"
"https://m.media-amazon.com/images/M/MV5BMjQzM2E2NjYtYmRjMC00ZmVlLTljZTgtNmQ5MGZlNDYyZTc5XkEyXkFqcGc@._V1_QL75_UX90_CR0,4,90,133_.jpg","https://www.imdb.com/title/tt0015324/?ref_=chttp_i_209","#209","https://www.imdb.com/title/tt0015324/?ref_=chttp_t_209","Sherlock Jr.","1924","45m","Passed","8.1","(65K)"
"https://m.media-amazon.com/images/M/MV5BNzY2Mjc4NjMtNGY4Mi00NzM5LTk3ZTQtN2VkNzVkMzRmM2Y2XkEyXkFqcGc@._V1_QL75_UY133_CR2,0,90,133_.jpg","https://www.imdb.com/title/tt0978762/?ref_=chttp_i_210","#210","https://www.imdb.com/title/tt0978762/?ref_=chttp_t_210","Mary and Max","2009","1h 32m","Not Rated","8.1","(201K)"
"https://m.media-amazon.com/images/M/MV5BZGI4YmVhMzMtMWExMS00MGZiLTg2MmItM2I2MWZjODAyM2U5XkEyXkFqcGc@._V1_QL75_UY133_CR0,0,90,133_.jpg","https://www.imdb.com/title/tt0077416/?ref_=chttp_i_211","#211","https://www.imdb.com/title/tt0077416/?ref_=chttp_t_211","The Deer Hunter","1978","3h 3m","R","8.1","(386K)"
"https://m.media-amazon.com/images/M/MV5BMDdhOGMwODQtZGM2MS00NGQxLWEyZDMtOTkzMjFjYjI3ZmM2XkEyXkFqcGc@._V1_QL75_UY133_CR1,0,90,133_.jpg","https://www.imdb.com/title/tt0046268/?ref_=chttp_i_212","#212","https://www.imdb.com/title/tt0046268/?ref_=chttp_t_212","The Wages of Fear","1953","2h 36m","Not Rated","8.1","(73K)"
"https://m.media-amazon.com/images/M/MV5BMTVhM2Y1MDUtMDkxYi00Y2UxLWI2MTMtZjMzYTY4ODM4MGIzXkEyXkFqcGc@._V1_QL75_UX90_CR0,0,90,133_.jpg","https://www.imdb.com/title/tt0017925/?ref_=chttp_i_213","#213","https://www.imdb.com/title/tt0017925/?ref_=chttp_t_213","The General","1926","1h 18m","Passed","8.1","(106K)"
"https://m.media-amazon.com/images/M/MV5BM2JjODdkMGMtNmY2YS00OGM2LThiY2YtZGYyNzE4Nzc2ODA0XkEyXkFqcGc@._V1_QL75_UX90_CR0,1,90,133_.jpg","https://www.imdb.com/title/tt3315342/?ref_=chttp_i_214","#214","https://www.imdb.com/title/tt3315342/?ref_=chttp_t_214","Logan","2017","2h 17m","R","8.1","(923K)"
"https://m.media-amazon.com/images/M/MV5BZDEyY2M2MGMtYjg5OC00ZWFjLWFkZDQtNmQzZTdiYmYzZTBkXkEyXkFqcGc@._V1_QL75_UX90_CR0,2,90,133_.jpg","https://www.imdb.com/title/tt0075148/?ref_=chttp_i_215","#215","https://www.imdb.com/title/tt0075148/?ref_=chttp_t_215","Rocky","1976","2h","PG","8.1","(686K)"
"https://m.media-amazon.com/images/M/MV5BMDU4ZjNmMjEtMjcxYi00NDAxLWFlMjQtNWIyNjg5NWUzNTdjXkEyXkFqcGc@._V1_QL75_UX90_CR0,1,90,133_.jpg","https://www.imdb.com/title/tt0031679/?ref_=chttp_i_216","#216","https://www.imdb.com/title/tt0031679/?ref_=chttp_t_216","Mr. Smith Goes to Washington","1939","2h 9m","Approved","8.1","(129K)"
"https://m.media-amazon.com/images/M/MV5BNDhlMzEyNzItMTA5Mi00YWRhLThlNTktYTQyMTA0MDIyNDEyXkEyXkFqcGc@._V1_QL75_UX90_CR0,0,90,133_.jpg","https://www.imdb.com/title/tt0325980/?ref_=chttp_i_217","#217","https://www.imdb.com/title/tt0325980/?ref_=chttp_t_217","Pirates of the Caribbean: The Curse of the Black Pearl","2003","2h 23m","PG-13","8.1","(1.3M)"
"https://m.media-amazon.com/images/M/MV5BODdkNzcxZjItMDU2Yy00Y2JlLWFkYTQtNzIwM2Q4MWU5MTU2XkEyXkFqcGc@._V1_QL75_UY133_CR1,0,90,133_.jpg","https://www.imdb.com/title/tt0046438/?ref_=chttp_i_218","#218","https://www.imdb.com/title/tt0046438/?ref_=chttp_t_218","Tokyo Story","1953","2h 17m","Not Rated","8.1","(77K)"
"https://m.media-amazon.com/images/M/MV5BZDJlYTM1ZGYtZTM4YS00MzFhLThiZjktYzQ0ZjAzMGYwZTU3XkEyXkFqcGc@._V1_QL75_UX90_CR0,1,90,133_.jpg","https://www.imdb.com/title/tt0047296/?ref_=chttp_i_219","#219","https://www.imdb.com/title/tt0047296/?ref_=chttp_t_219","On the Waterfront","1954","1h 48m","Approved","8.1","(177K)"
"https://m.media-amazon.com/images/M/MV5BOTFiNzRiOWEtYTQwNy00NmRiLWE0ZWYtNTE0YjExZjFmZjkwXkEyXkFqcGc@._V1_QL75_UY133_CR1,0,90,133_.jpg","https://www.imdb.com/title/tt5323662/?ref_=chttp_i_220","#220","https://www.imdb.com/title/tt5323662/?ref_=chttp_t_220","A Silent Voice: The Movie","2016","2h 10m","Not Rated","8.2","(140K)"
"https://m.media-amazon.com/images/M/MV5BMThlMDA3NDYtZGM2Zi00NmJhLThlYWItZjViZTkzZWU1ZWRiXkEyXkFqcGc@._V1_QL75_UX90_CR0,0,90,133_.jpg","https://www.imdb.com/title/tt0113247/?ref_=chttp_i_221","#221","https://www.imdb.com/title/tt0113247/?ref_=chttp_t_221","La haine","1995","1h 38m","Not Rated","8.1","(225K)"
"https://m.media-amazon.com/images/M/MV5BMjIyOTM5OTIzNV5BMl5BanBnXkFtZTgwMDkzODE2NjE@._V1_QL75_UY133_CR0,0,90,133_.jpg","https://www.imdb.com/title/tt1895587/?ref_=chttp_i_222","#222","https://www.imdb.com/title/tt1895587/?ref_=chttp_t_222","Spotlight","2015","2h 9m","R","8.1","(534K)"
"https://m.media-amazon.com/images/M/MV5BZWQ5MDllM2EtZWRmNS00MmZiLWI4ZWQtMjRiY2Q5MTAxODY4XkEyXkFqcGc@._V1_QL75_UX90_CR0,2,90,133_.jpg","https://www.imdb.com/title/tt0050986/?ref_=chttp_i_223","#223","https://www.imdb.com/title/tt0050986/?ref_=chttp_t_223","Wild Strawberries","1957","1h 32m","Not Rated","8.1","(124K)"
"https://m.media-amazon.com/images/M/MV5BZmE0YzIxM2QtMGNlMi00MjRmLWE3MWMtOWQzMGVjMmU0YTFmXkEyXkFqcGc@._V1_QL75_UX90_CR0,1,90,133_.jpg","https://www.imdb.com/title/tt0088247/?ref_=chttp_i_224","#224","https://www.imdb.com/title/tt0088247/?ref_=chttp_t_224","The Terminator","1984","1h 47m","R","8.1","(1M)"
"https://m.media-amazon.com/images/M/MV5BYWJhYmU4MjQtZDJhYi00ZGVjLTlkNTEtNzkzNGVjOWQ3MjcwXkEyXkFqcGc@._V1_QL75_UX90_CR0,1,90,133_.jpg","https://www.imdb.com/title/tt0059742/?ref_=chttp_i_225","#225","https://www.imdb.com/title/tt0059742/?ref_=chttp_t_225","The Sound of Music","1965","2h 54m","G","8.1","(291K)"
"https://m.media-amazon.com/images/M/MV5BZjEyNDIzNmEtMjdkYS00ZDAwLTljOWYtNDRhYTVhYTlmOTk1XkEyXkFqcGc@._V1_QL75_UY133_CR8,0,90,133_.jpg","https://www.imdb.com/title/tt15097216/?ref_=chttp_i_226","#226","https://www.imdb.com/title/tt15097216/?ref_=chttp_t_226","Jai Bhim","2021","2h 44m","Approved","8.6","(234K)"
"https://m.media-amazon.com/images/M/MV5BOTFlMTIxOGItZTk0Zi00MTk2LWJiM2UtMzlhZWYzNjQ4N2Y3XkEyXkFqcGc@._V1_QL75_UY133_CR5,0,90,133_.jpg","https://www.imdb.com/title/tt26548265/?ref_=chttp_i_227","#227","https://www.imdb.com/title/tt26548265/?ref_=chttp_t_227","Maharaja","2024","2h 21m","","8.3","(81K)"
"https://m.media-amazon.com/images/M/MV5BNGVjMTMxZTQtMmVlNy00YmI0LWJjMDUtYTgyZWU1Njg5ZGRiXkEyXkFqcGc@._V1_QL75_UX90_CR0,0,90,133_.jpg","https://www.imdb.com/title/tt0041959/?ref_=chttp_i_228","#228","https://www.imdb.com/title/tt0041959/?ref_=chttp_t_228","The Third Man","1949","1h 44m","Approved","8.1","(195K)"
"https://m.media-amazon.com/images/M/MV5BY2E3OWQ5OWYtYTRkMC00NjVjLWIzZDQtNmRmM2ZiYTIyYmYxXkEyXkFqcGc@._V1_QL75_UY133_CR0,0,90,133_.jpg","https://www.imdb.com/title/tt0118715/?ref_=chttp_i_229","#229","https://www.imdb.com/title/tt0118715/?ref_=chttp_t_229","The Big Lebowski","1998","1h 57m","R","8.1","(915K)"
"https://m.media-amazon.com/images/M/MV5BZmMzNGVhODktYmU5MS00MDg1LThlNTEtNTMyYTg5MDA0Njk4XkEyXkFqcGc@._V1_QL75_UX90_CR0,0,90,133_.jpg","https://www.imdb.com/title/tt30472557/?ref_=chttp_i_230","#230","https://www.imdb.com/title/tt30472557/?ref_=chttp_t_230","Chainsaw Man - The Movie: Reze Arc","2025","1h 40m","R","8.3","(52K)"
"https://m.media-amazon.com/images/M/MV5BNTgxMzUyODQtMDJmZC00ZGMyLWI3MzAtZTYwYjBjZjFmMzIxXkEyXkFqcGc@._V1_QL75_UX90_CR0,1,90,133_.jpg","https://www.imdb.com/title/tt0036868/?ref_=chttp_i_231","#231","https://www.imdb.com/title/tt0036868/?ref_=chttp_t_231","The Best Years of Our Lives","1946","2h 50m","Approved","8.1","(77K)"
"https://m.media-amazon.com/images/M/MV5BMTQ1MjAwNTM5Ml5BMl5BanBnXkFtZTYwNDM0MTc3._V1_QL75_UY133_CR0,0,90,133_.jpg","https://www.imdb.com/title/tt0381681/?ref_=chttp_i_232","#232","https://www.imdb.com/title/tt0381681/?ref_=chttp_t_232","Before Sunset","2004","1h 20m","R","8.1","(314K)"
"https://m.media-amazon.com/images/M/MV5BZDlmYTkzOWUtODQ0MS00MmM4LWE3ZjMtYTEwNGUwMmJkYzIxXkEyXkFqcGc@._V1_QL75_UY133_CR1,0,90,133_.jpg","https://www.imdb.com/title/tt0050976/?ref_=chttp_i_233","#233","https://www.imdb.com/title/tt0050976/?ref_=chttp_t_233","The Seventh Seal","1957","1h 36m","Not Rated","8.1","(216K)"
"https://m.media-amazon.com/images/M/MV5BMjE4NzgzNzEwMl5BMl5BanBnXkFtZTgwMTMzMDE0NjE@._V1_QL75_UX90_CR0,0,90,133_.jpg","https://www.imdb.com/title/tt3170832/?ref_=chttp_i_234","#234","https://www.imdb.com/title/tt3170832/?ref_=chttp_t_234","Room","2015","1h 58m","R","8.1","(479K)"
"https://m.media-amazon.com/images/M/MV5BY2FmMWRmZmQtN2IzMS00OGVmLWFmNjktMTM0YWQzODcwYTEwXkEyXkFqcGc@._V1_QL75_UY133_CR0,0,90,133_.jpg","https://www.imdb.com/title/tt0395169/?ref_=chttp_i_235","#235","https://www.imdb.com/title/tt0395169/?ref_=chttp_t_235","Hotel Rwanda","2004","2h 1m","PG-13","8.1","(391K)"
"https://m.media-amazon.com/images/M/MV5BMTY5OTU0OTc2NV5BMl5BanBnXkFtZTcwMzU4MDcyMQ@@._V1_QL75_UX90_CR0,0,90,133_.jpg","https://www.imdb.com/title/tt0317705/?ref_=chttp_i_236","#236","https://www.imdb.com/title/tt0317705/?ref_=chttp_t_236","The Incredibles","2004","1h 55m","PG","8.0","(897K)"
"https://m.media-amazon.com/images/M/MV5BZjE4YjllODAtZGMxZS00Mjg2LThkOWUtZjNkMjQ5YThiNDU4XkEyXkFqcGc@._V1_QL75_UX90_CR0,4,90,133_.jpg","https://www.imdb.com/title/tt0091763/?ref_=chttp_i_237","#237","https://www.imdb.com/title/tt0091763/?ref_=chttp_t_237","Platoon","1986","2h","R","8.1","(472K)"
"https://m.media-amazon.com/images/M/MV5BNTU5NjYyYTgtZGQ3My00MzRhLThjNGYtZmVjN2JjYjhkMjhhXkEyXkFqcGc@._V1_QL75_UX90_CR0,0,90,133_.jpg","https://www.imdb.com/title/tt1028532/?ref_=chttp_i_238","#238","https://www.imdb.com/title/tt1028532/?ref_=chttp_t_238","Hachi: A Dog's Tale","2009","1h 33m","G","8.1","(342K)"
"https://m.media-amazon.com/images/M/MV5BZjg3YjE4ZjAtYTdmYS00ZTBkLWE1ZjgtNzAzODUwNzRiYjlmXkEyXkFqcGc@._V1_QL75_UX90_CR0,2,90,133_.jpg","https://www.imdb.com/title/tt0070047/?ref_=chttp_i_239","#239","https://www.imdb.com/title/tt0070047/?ref_=chttp_t_239","The Exorcist","1973","2h 2m","R","8.1","(497K)"
"https://m.media-amazon.com/images/M/MV5BMTZhOGQxM2ItNGQyYy00YzE5LWI5MjMtNmMzNGQzNDE1OTUzXkEyXkFqcGc@._V1_QL75_UX90_CR0,0,90,133_.jpg","https://www.imdb.com/title/tt1979320/?ref_=chttp_i_240","#240","https://www.imdb.com/title/tt1979320/?ref_=chttp_t_240","Rush","2013","2h 3m","R","8.1","(557K)"
"https://m.media-amazon.com/images/M/MV5BODM4ZjZjMGEtYmFiMy00MThjLWIzZjUtMDU0ODg1NTI2MzIwXkEyXkFqcGc@._V1_QL75_UX90_CR0,0,90,133_.jpg","https://www.imdb.com/title/tt0129167/?ref_=chttp_i_241","#241","https://www.imdb.com/title/tt0129167/?ref_=chttp_t_241","The Iron Giant","1999","1h 26m","PG","8.1","(259K)"
"https://m.media-amazon.com/images/M/MV5BYWRmY2I0MGItYTQ0OC00NWZmLWIwMDktYjJlNDc0MzVhMmViXkEyXkFqcGc@._V1_QL75_UX90_CR0,2,90,133_.jpg","https://www.imdb.com/title/tt0032138/?ref_=chttp_i_242","#242","https://www.imdb.com/title/tt0032138/?ref_=chttp_t_242","The Wizard of Oz","1939","1h 42m","G","8.1","(466K)"
"https://m.media-amazon.com/images/M/MV5BNGJkNTUwM2MtZWE2MS00YjNkLWE3MjktNWQwZDQxMDIyZWVmXkEyXkFqcGc@._V1_QL75_UX90_CR0,4,90,133_.jpg","https://www.imdb.com/title/tt0092005/?ref_=chttp_i_243","#243","https://www.imdb.com/title/tt0092005/?ref_=chttp_t_243","Stand by Me","1986","1h 29m","R","8.1","(486K)"
"https://m.media-amazon.com/images/M/MV5BNTE1MDliZjgtYTU2Yy00YjAxLTljYTItNDE2ZGYwYTY1MGQ1XkEyXkFqcGc@._V1_QL75_UX90_CR0,4,90,133_.jpg","https://www.imdb.com/title/tt0019254/?ref_=chttp_i_244","#244","https://www.imdb.com/title/tt0019254/?ref_=chttp_t_244","The Passion of Joan of Arc","1928","1h 54m","Passed","8.1","(68K)"
"https://m.media-amazon.com/images/M/MV5BZDE3MTBkNmQtNGFjMC00YTcwLWExY2ItN2MyMGZkNWJlMmFmXkEyXkFqcGc@._V1_QL75_UX90_CR0,1,90,133_.jpg","https://www.imdb.com/title/tt0476735/?ref_=chttp_i_245","#245","https://www.imdb.com/title/tt0476735/?ref_=chttp_t_245","My Father and My Son","2005","1h 52m","Not Rated","8.2","(101K)"
"https://m.media-amazon.com/images/M/MV5BMTY2Mjk0OGEtYTM3Yy00ZWZiLWFhNjAtNGExMjEzNGVmMDMxXkEyXkFqcGc@._V1_QL75_UX90_CR0,2,90,133_.jpg","https://www.imdb.com/title/tt0058946/?ref_=chttp_i_246","#246","https://www.imdb.com/title/tt0058946/?ref_=chttp_t_246","The Battle of Algiers","1966","2h 1m","Not Rated","8.1","(75K)"
"https://m.media-amazon.com/images/M/MV5BOTllZDI1OGItOGUxNS00OGZhLWIzMjAtYzllZTY1YTA0ZmYwXkEyXkFqcGc@._V1_QL75_UY133_CR1,0,90,133_.jpg","https://www.imdb.com/title/tt4016934/?ref_=chttp_i_247","#247","https://www.imdb.com/title/tt4016934/?ref_=chttp_t_247","The Handmaiden","2016","2h 25m","Not Rated","8.1","(202K)"
"https://m.media-amazon.com/images/M/MV5BY2E4ZGJiNTMtZTAxZC00MmVlLWI1NjYtMGVhMjhkOGEwZDhjXkEyXkFqcGc@._V1_QL75_UX90_CR0,2,90,133_.jpg","https://www.imdb.com/title/tt0074958/?ref_=chttp_i_248","#248","https://www.imdb.com/title/tt0074958/?ref_=chttp_t_248","Network","1976","2h 1m","R","8.1","(186K)"
"https://m.media-amazon.com/images/M/MV5BMDRlZWFkMjEtYmYyZi00MmE5LWIzMzUtYmM2N2M5Y2UxZDJjXkEyXkFqcGc@._V1_QL75_UY133_CR1,0,90,133_.jpg","https://www.imdb.com/title/tt4430212/?ref_=chttp_i_249","#249","https://www.imdb.com/title/tt4430212/?ref_=chttp_t_249","Drishyam","2015","2h 43m","Not Rated","8.2","(108K)"
"https://m.media-amazon.com/images/M/MV5BMzZmMWUxZGMtOTg3MS00OTA4LTg5NzktZGY4NjgyMzExYTZhXkEyXkFqcGc@._V1_QL75_UY133_CR2,0,90,133_.jpg","https://www.imdb.com/title/tt10431500/?ref_=chttp_i_250","#250","https://www.imdb.com/title/tt10431500/?ref_=chttp_t_250","Miracle in Cell No. 7","2019","2h 12m","TV-14","8.2","(62K)"