title,content
به روی سیل گشادیم راه خانهٔ خویش,"به روی سیل گشادیم راه خانهٔ خویش
به دست برق سپردیم آشیانهٔ خویش
مرا چه حد که زنم بوسه آستین ترا
همین قدر تو مرانم ز آستانهٔ خویش
به جز تو کز نگهی سوختی دل ما را
به دست خویش که آتش زند به خانهٔ خویش
مخوان حدیث رهایی که الفتی است مرا
به ناله سحر و گریه شبانهٔ خویش
ز رشک تا که هلاکم کند به دامن غیر
چو گل نهد سر و مستی کند بهانهٔ خویش
رهی به ناله دهی چند دردسر ما را؟
بمیر از غم و کوتاه کن فسانهٔ خویش"
دگر ز جان من ای سیم‌بر چه می‌خواهی؟,"دگر ز جان من ای سیم‌بر چه می‌خواهی؟
ربوده‌ای دل زارم دگر چه می‌خواهی؟
مریز دانه که ما خود اسیر دام توایم
ز صید طایر بی بال و پر چه می‌خواهی؟
اثر ز ناله خونین‌دلان گریزان است
ز ناله‌ای دل خونین اثر چه می‌خواهی؟
به گریه بر سر راهش فتاده بودم دوش
به خنده گفت از این رهگذر چه می‌خواهی؟
نهاده‌ام سر تسلیم زیر شمشیرت
بیار بر سرم ای عشق هرچه می‌خواهی
کنون که بی‌هنرانند کعبه دل خلق
چو کعبه حرمت اهل هنر چه می‌خواهی؟
به غیر آن که بیفتد ز چشم‌ها چون اشک
به جلوه‌گاه خزف از گهر چه می‌خواهی؟
رهی چه می‌طلبی نظم آبدار از من؟
به خشکسال ادب شعر تر چه می‌خواهی؟"
بس که جفا ز خار و گل دید دل رمیده‌ام,"بس که جفا ز خار و گل دید دل رمیده‌ام
همچو نسیم از این چمن پای برون کشیده‌ام
شمع طرب ز بخت ما آتش خانه‌سوز شد
گشت بلای جان من عشق به جان خریده‌ام
حاصل دور زندگی صحبت آشنا بود
تا تو ز من بریده‌ای من ز جهان بریده‌ام
تا به کنار بودیَم بود به جا قرار دل
رفتی و رفت راحت از خاطر آرمیده‌ام
تا تو مراد من دهی کشته مرا فراق تو
تا تو به داد من رسی من به خدا رسیده‌ام
چون به بهار سر کند لاله ز خاک من برون
ای گل تازه یاد کن از دل داغ دیده‌ام
یا ز ره وفا بیا یا ز دل رهی برو
سوخت در انتظار تو جان به لب رسیده‌ام"
رخم چو لاله ز خوناب دیده رنگین است,"رخم چو لاله ز خوناب دیده رنگین است
نشان قافله‌سالار عاشقان این است
مبین به چشم حقارت به خون دیده ما
که آبروی صراحی به اشک خونین است
ز آشنایی ما عمرها گذشت و هنوز
به دیده منت آن جلوه نخستین است
نداد بوسه و این با که می‌توان گفتن؟
که تلخ‌کامی ما زان دهان شیرین است
به روشنان چه بری شکوه از سیاهی بخت
که اختر فلکی نیز چون تو مسکین است
به غیر خون جگر نیست بی‌نصیبان را
زمانه را چه گنه چون نصیب ما این است
رهی ز لاله و گل نشکفد بهار مرا
بهار من گل روی امیر و گلچین است"
تو سوز آه من ای مرغ شب چه می‌دانی؟,"تو سوز آه من ای مرغ شب چه می‌دانی؟
ندیده‌ای شب من تاب و تب چه می‌دانی؟
به من گذار که لب بر لبش نهم ای جام
تو قدر بوسه آن نوش لب چه می‌دانی؟
چو شمع و گل شب و روزت به خنده می‌گذرد
تو گریه سحر و آه شب چه می‌دانی؟
بلای هجر ز هر درد جانگدازتر است
ندیده داغ جدایی تعب چه می‌دانی؟
رهی به محفل عشرت به نغمه لب مگشای
تو دل‌شکسته نوای طرب چه می‌دانی؟"
گرچه روزی تیره‌تر از شام غم باشد مرا,"گرچه روزی تیره‌تر از شام غم باشد مرا
در دل روشن صفای صبحدم باشد مرا
زرپرستی خواب راحت را ز نرگس دور کرد
صرف عشرت می‌کنم گر یک درم باشد مرا
خواهش دل هرچه کمتر شادی جان بیشتر
تا دلی بی‌آرزو باشد چه غم باشد مرا
در کنار من ز گرمی بر کناری ای دریغ
وصل و هجران غم و شادی به هم باشد مرا
در خروش آیم چو بینم کج‌نهادی‌های خلق
جویبارم ناله از هر پیچ و خم باشد مرا
گرچه در کارم چو انجم عقده‌ها باشد رهی
چهره بگشاده‌ای چون صبحدم باشد مرا"
نی افسرده‌ای هنگام گل روید ز خاک من,"نی افسرده‌ای هنگام گل روید ز خاک من
که برخیزد از آن نی ناله‌های دردناک من
مزار من اگر فردوس شادی‌آفرین باشد
به جای لاله و گل خار غم روید ز خاک من
مخند ای صبح بی‌هنگام که امشب سازشی دارد
نوای مرغ شب با خاطر اندوهناک من
نیم چون خاکیان آلودهٔ گرد کدورت‌ها
صفای چشمهٔ مهتاب دارد جان پاک من
چو دشمن از هلاک من رهی خشنود می‌گردد
بمیرم تا دلی خشنود گردد از هلاک من"
بی‌روی تو راحت ز دل زار گریزد,"بی‌روی تو راحت ز دل زار گریزد
چون خواب که از دیده بیمار گریزد
در دام تو یک شب دلم از ناله نیاسود
آسودگی از مرغ گرفتار گریزد
از دشمن و از دوست گریزیم و عجب نیست
سرگشته نسیم از گل و از خار گریزد
شب تا سحر از ناله دل خواب ندارم
راحت به شب از چشم پرستار گریزد
ای دوست بیازار مرا هرچه توانی
دل نیست اسیری که ز آزار گریزد
زین بیش رهی ناله مکن در بر آن شوخ
ترسم که ز نالیدن بسیار گریزد"
به سوی ما گذار مردم دنیا نمی‌افتد,"به سوی ما گذار مردم دنیا نمی‌افتد
کسی غیر از غم دیرین به یاد ما نمی‌افتد
منم مرغی که جز در خلوت شب‌ها نمی‌نالد
منم اشکی که جز بر خرمن دل‌ها نمی‌افتد
ز بس چون غنچه از پاس حیا سر در گریبانم
نگاه من به چشم آن سهی بالا نمی‌افتد
به پای گلبنی جان داده‌ام اما نمی‌دانم
که می‌افتد به خاکم سایهٔ گل یا نمی‌افتد
رود هر ذرهٔ خاکم به دنبال پری‌رویی
غبار من به صحرای طلب از پا نمی‌افتد
مراد آسان به دست آید ولی نوشین لبی جز او
پسند خاطر مشکل پسند ما نمی‌افتد
تو هم با سروبالایی سری داری و سودایی
کمند آرزو برجان من تنها نمی‌افتد
نصیب ساغر می شد لب جانانه بوسیدن
رهی دامان این دولت به دست ما نمی‌افتد"
نسیم وصل به افسردگان چه خواهد کرد؟,"نسیم وصل به افسردگان چه خواهد کرد؟
بهار تازه به برگ خزان چه خواهد کرد؟
به من که سوختم از داغ مهربانی خویش
فراق و وصل تو نامهربان چه خواهد کرد؟
سرای خانه‌به‌دوشی حصار عافیت است
صبا به طایر بی‌آشیان چه خواهد کرد؟
ز فیض ابر چه حاصل گیاه سوخته را؟
شراب با من افسرده‌جان چه خواهد کرد؟
مکن تلاش که نتوان گرفت دامن عمر
غبار بادیه با کاروان چه خواهد کرد؟
به باغ خلد نیاسود جان علوی ما
به حیرتم که در این خاکدان چه خواهد کرد؟
صفای باده روشن ز جوش سینه اوست
تو چاره ساز خودی آسمان چه خواهد کرد؟
به من که از دو جهان فارغم به دولت عشق
رهی ملامت اهل جهان چه خواهد کرد؟"
زلف و رخسار تو ره بر دل بی‌تاب زنند,"زلف و رخسار تو ره بر دل بی‌تاب زنند
رهزنان قافله را در شب مهتاب زنند
شکوه‌ای نیست ز طوفان حوادث ما را
دل به دریازدگان خنده به سیلاب زنند
جرعه‌نوشان تو ای شاهد علوی چون صبح
باده از ساغر خورشید جهان‌تاب زنند
خاکساران ترا خانه بود بر سر اشک
خس و خاشاک سراپرده به گرداب زنند
گفتم: از بهر چه پویی ره میخانه رهی
گفت: آنجاست که بر آتش غم آب زنند"
ز کینه دور بود سینه‌ای که من دارم,"ز کینه دور بود سینه‌ای که من دارم
غبار نیست بر آیینه‌ای که من دارم
ز چشم پرگهرم اختران عجب دارند
که غافلند ز گنجینه‌ای که من دارم
به هجر و وصل مرا تاب آرمیدن نیست
یکی‌ست شنبه و آدینه‌ای که من دارم
سیاهی از رخ شب می‌رود ولی از دل
نمی‌رود غم دیرینه‌ای که من دارم
تو اهل درد نه‌ای ورنه آتشی جان‌سوز
زبانه می‌کشد از سینه‌ای که من دارم
رهی ز چشمه خورشید تابناک‌تر است
به روشنی دل بی‌کینه‌ای که من دارم"
دور از تو هرشب تا سحر گریان چو شمع محفلم,"دور از تو هرشب تا سحر گریان چو شمع محفلم
تا خود چه باشد حاصلی از گریهٔ بی‌حاصلم؟
چون سایه دور از روی تو افتاده‌ام در کوی تو
چشم امیدم سوی تو وای از امید باطلم
از بس که با جان و دلم ای جان و دل آمیختی
چون نکهت از آغوش گل بوی تو خیزد از گلم
لبریز اشکم جام کو؟ آن آب آتش‌فام کو؟
وآن مایهٔ آرام کو؟ تا چاره سازد مشکلم
در کار عشقم یار دل آگاهم از اسرار دل
غافل نیم از کار دل وز کار دنیا غافلم
در عشق و مستی داده‌ام بود و نبود خویشتن
ای ساقی مستان بگو دیوانه‌ام یا عاقلم
چون اشک می‌لرزد دلم از موج گیسویی رهی
با آن که در طوفان غم دریادلم دریادلم"
وای از این افسردگان فریاد اهل درد کو؟,"وای از این افسردگان فریاد اهل درد کو؟
ناله مستانه دل‌های غم‌پرورد کو؟
ماه مهرآیین که می‌زد باده با رندان کجاست
باد مشکین‌دم که بوی عشق می‌آورد کو؟
در بیابان جنون سرگشته‌ام چون گردباد
همرهی باید مرا مجنون صحراگرد کو؟
بعد مرگم میْ‌کشان گویند در میخانه‌ها
آن سیه‌مستی که خم‌ها را تهی می‌کرد کو؟
پیش امواج حوادث پایداری سهل نیست
مرد باید تا نیندیشد ز طوفان مرد کو؟
دردمندان را دلی چون شمع می‌باید رهی
گر نه‌ای بی‌درد اشک گرم و آه سرد کو؟"
دل زود باورم را به کرشمه‌ای ربودی,"دل زود باورم را به کرشمه‌ای ربودی
چو نیاز ما فزون شد تو به ناز خود فزودی
به هم الفتی گرفتیم ولی رمیدی از ما
من و دل همان که بودیم و تو آن نه‌ای که بودی
من از آن کشم ندامت که تو را نیازمودم
تو چرا ز من گریزی که وفایم آزمودی
ز درون بود خروشم ولی از لب خموشم
نه حکایتی شنیدی نه شکایتی شنودی
چمن از تو خرم ای اشک روان که جویباری
خجل از تو چشمه‌ای چشم رهی که زنده‌رودی"
بر خاطر آزاده غباری ز کسم نیست,"بر خاطر آزاده غباری ز کسم نیست
سرو چمنم شکوه‌ای از خار و خسم نیست
از کوی تو بی‌ناله و فریاد گذشتم
چون قافله عمر نوای جرسم نیست
افسرده‌ترم از نفس باد خزانی
کآن نوگل خندان نفسی هم‌نفسم نیست
صیاد ز پیش آید و گرگ اجل از پی
آن صید ضعیفم که ره پیش و پسم نیست
بی‌حاصلی و خواری من بین که در این باغ
چون خار به دامان گلی دسترسم نیست
از تنگدلی پاس دل تنگ ندارم
چندان کشم اندوه که اندوه کسم نیست
امشب رهی از میکده بیرون ننهم پای
آزرده دردم دو سه پیمانه بسم نیست"
هرشب فزاید تاب و تب من,"هرشب فزاید تاب و تب من
وای از شب من وای از شب من
یا من رسانم لب بر لب او
یا او رساند جان بر لب من
استاد عشقم بنشین و برخوان
درس محبت در مکتب من
رسم دورنگی آیین ما نیست
یکرنگ باشد روز و شب من
گفتم رهی را کامشب چه خواهی؟
گفت آنچه خواهد نوشین‌لب من"
حال تو روشن است دلا از ملال تو,"حال تو روشن است دلا از ملال تو
فریاد از دلی که نسوزد به حال تو
ای نوش‌لب که بوسه به ما کرده‌ای حرام
گر خون ما چو باده بنوشی حلال تو
یاران چو گل به سایه سرو آرمیده‌اند
ما و هوای قامت با اعتدال تو
در چشم کس وجود ضعیفم پدید نیست
باز آ که چون خیال شدم از خیال تو
در کار خود زمانه ز ما ناتوان‌تر است
با ناتوان‌تر از تو چه باشد جدال تو؟
خار زبان‌دراز به گل طعنه می‌زند
در چشم سفله عیب تو باشد کمال تو
ناساز گشت نغمه جان‌پرورت رهی
باید که دست عشق دهد گوشمال تو"
گه شکایت از گلی گه شکوه از خاری کنم,"گه شکایت از گلی گه شکوه از خاری کنم
من نه آن رندم که غیر از عاشقی کاری کنم
هر زمان بی‌روی ماهی همدم آهی شوم
هر نفس با یاد یاری نالهٔ زاری کنم
حلقه‌های موج بینم نقش گیسویی کشم
خنده‌های صبح بینم یاد رخساری کنم
گر سر یاری بود بخت نگونسار مرا
عاشقی‌ها با سر زلف نگونساری کنم
باز نشناسد مرا از سایه چشم رهگذار
تکیه چون از ناتوانی‌ها به دیواری کنم
درد خود را می‌برد از یاد گر من قصه‌ای
از دل سرگشته با صید گرفتاری کنم
نیست با ما لاله و گل را سر الفت رهی
می‌روم تا آشیان در سایهٔ خاری کنم"
من کیستم ز مردم دنیا رمیده‌ای,"من کیستم ز مردم دنیا رمیده‌ای
چون کوهسار پای به دامن کشیده‌ای
از سوز دل چو خرمن آتش گرفته‌ای
وز اشک غم چو کشتی طوفان رسیده‌ای
چون شام بی رخ تو به ماتم نشسته‌ای
چون صبح از غم تو گریبان دریده‌ای
سر کن نوای عشق که از های و هوی عقل
آزرده ام چو گوش نصیحت شنیده‌ای
رفت از قفای او دل از خود رمیده ام
بی تاب تر ز اشک به دامن دویده‌ای
ما را چو گردباد ز راحت نصیب نیست
راحت کجا و خاطر ناآرمیده‌ای
بیچاره‌ای که چاره طلب می کند ز خلق
دارد امید میوه ز شاخ بریده‌ای
از بس که خون فرو چکد از تیغ آسمان
ماند شفق به دامن در خون کشیده‌ای
با جان تابناک ز محنت سرای خاک
رفتیم همچو قطرهٔ اشکی ز دیده‌ای
دردی که بهر جان رهی آفریده‌اند
یا رب مباد قسمت هیچ آفریده‌ای"
بخت نافرجام اگر با عاشقان یاری کند,"بخت نافرجام اگر با عاشقان یاری کند
یار عاشق‌سوز ما ترک دل‌آزاری کند
بر گذرگاهش فرو افتادم از بی‌طاقتی
اشک لرزان کی تواند خویشتن‌داری کند؟
چاره‌ساز اهل دل باشد می اندیشه‌سوز
کو قدح؟ تا فارغم از رنج هوشیاری کند
دام صیاد از چمن دلخواه‌تر باشد مرا
من نه آن مرغم که فریاد از گرفتاری کند
عشق روز افزون من از بی‌وفایی‌های اوست
می‌گریزم گر به من روزی وفاداری کند
گوهر گنجینهٔ عشقیم از روشندلی
بین خوبان کیست تا ما را خریداری کند؟
از دیار خواجه شیراز می‌آید رهی
تا ثنای خواجه عبدالله انصاری کند
می‌رسد با دیده گوهرفشان همچون سحاب
تا بر این خاک عبیرآگین گوهرباری کند"
ستاره شعله‌ای از جان دردمند من است,"ستاره شعله‌ای از جان دردمند من است
سپهر آیتی از همت بلند من است
به چشم اهل نظر صبح روشنم زآن روی
که تازه‌رویی عالم ز نوشخند من است
چگونه راز دلم همچو نی نهان ماند؟
که داغ عشق تو پیدا ز بند بند من است
در آتش از دل آزاده‌ام ولی غم نیست
پسند خاطر آزادگان پسند من است
رهی به مشت غباری چه التفات کنم؟
که آفتاب جهان‌تاب در کمند من است"
چون صبح نودمیده صفا گستر است اشک,"چون صبح نودمیده صفا گستر است اشک
روشن‌تر از ستاره روشنگر است اشک
گوهر اگر ز قطره باران شود پدید
با آفتاب و ماه ز یک گوهر است اشک
با اشک هم اثر نتوان خواند ناله را
غم‌پرور است ناله و جان‌پرور است اشک
بارد ازو لطافت و تابد ازو فروغ
چون گوی سینه بت سیمین‌بر است اشک
خاطر فریب و گرم و دلاویز و تابناک
همرنگ چهره تو پری‌پیکر است اشک
از داغ آتشین‌لب ساغرنواز تو
در جان ماست آتش و در ساغر است اشک
با دردمند عشق تو همخانه است آه
با آشنای چشم تو هم‌بستر است اشک
لب بسته‌ای ز گفتن راز نهان رهی
غافل که از زبان تو گویاتر است اشک"
نوای آسمانی آید از گلبانگ رود امشب,"نوای آسمانی آید از گلبانگ رود امشب
بیا ساقی که رفت از دل غم بود و نبود امشب
فراز چرخ نیلی ناله مستانه‌ای دارد
دل از بام فلک دیگر نمی‌آید فرود امشب
که بود آن آهوی وحشی چه بود آن سایه مژگان؟
که تاب از من ستاند امروز و خواب از من ربود امشب
به یاد غنچه خاموش او سر در گریبانم
ندارم با نسیم گل سر گفت و شنود امشب
ز بس بر تربت صائب عنان گریه سر دادم
رهی از چشمهٔ چشمم خجل شد زنده‌رود امشب"
نسیم عشق ز کوی هوس نمی‌آید,"نسیم عشق ز کوی هوس نمی‌آید
چرا که بوی گل از خار و خس نمی‌آید
ز نارسایی فریاد آتشین فریاد
که سوخت سینه و فریادرس نمی‌آید
به رهگذار طلب آبروی خویش مریز
که همچو اشک روان باز پس نمی‌آید
ز آشنایی مردم رمیده ایم رهی
که بوی مردمی از هیچ کس نمی‌آید"
